0;11;https://en.wikipedia.org/wiki/List_of_data_structures;hashes;0.09090909090909091;0.1111111111111111;0.82;1.022020202020202;0.0;1
0;12;https://en.wikipedia.org/wiki/List_of_data_structures;graphs;0.09090909090909091;0.1111111111111111;0.82;1.022020202020202;0.0;1
0;30;http://www.careerride.com/Data-structure-defined.aspx;joss;0.2727272727272727;0.0;0.82;1.0927272727272728;0.0;0
0;37;http://www.careerride.com/Data-structure-defined.aspx;interviews;0.2727272727272727;0.01694915254237288;0.82;1.1096764252696456;0.0;0
0;39;http://www.careerride.com/Data-structure-defined.aspx;engineering;0.2727272727272727;0.0;0.82;1.0927272727272728;0.0;0
0;40;http://www.careerride.com/Data-structure-defined.aspx;mca;0.2727272727272727;0.0;0.82;1.0927272727272728;0.0;0
0;41;http://www.careerride.com/Data-structure-defined.aspx;.ba;0.2727272727272727;0.0;0.82;1.0927272727272728;0.0;0
0;49;http://www.careerride.com/Data-structure-defined.aspx;logic;0.2727272727272727;0.0;0.82;1.0927272727272728;0.0;0
0;53;http://www.careerride.com/Data-structure-defined.aspx;age;0.2727272727272727;0.03389830508474576;0.82;1.1266255778120184;0.0;0
0;59;http://www.careerride.com/Data-structure-defined.aspx;mcas;0.2727272727272727;0.0;0.82;1.0927272727272728;0.0;0
0;62;http://www.careerride.com/Data-structure-defined.aspx;download;0.2727272727272727;0.01694915254237288;0.82;1.1096764252696456;0.0;0
0;67;http://www.careerride.com/Data-structure-defined.aspx;embedded_systems;0.6363636363636364;0.01694915254237288;0.82;1.4733127889060091;0.0;0
0;68;http://www.careerride.com/Data-structure-defined.aspx;vlsi;0.2727272727272727;0.0;0.82;1.0927272727272728;0.0;0
0;69;http://www.careerride.com/Data-structure-defined.aspx;arrays;0.2727272727272727;0.01694915254237288;0.82;1.1096764252696456;0.0;0
0;70;http://www.careerride.com/Data-structure-defined.aspx;linked_list;0.6363636363636364;0.01694915254237288;0.82;1.4733127889060091;0.0;0
0;73;http://www.careerride.com/Data-structure-defined.aspx;trees;0.2727272727272727;0.01694915254237288;0.82;1.1096764252696456;0.0;0
0;74;http://www.careerride.com/Data-structure-defined.aspx;soa;0.2727272727272727;0.0;0.82;1.0927272727272728;0.0;0
0;76;http://www.careerride.com/Data-structure-defined.aspx;perl;0.2727272727272727;0.0;0.82;1.0927272727272728;0.0;0
0;81;http://www.careerride.com/Data-structure-defined.aspx;aop;0.2727272727272727;0.0;0.82;1.0927272727272728;0.0;0
0;82;http://www.careerride.com/Data-structure-defined.aspx;ruby;0.2727272727272727;0.01694915254237288;0.82;1.1096764252696456;0.0;0
0;83;http://www.careerride.com/Data-structure-defined.aspx;process;0.2727272727272727;0.01694915254237288;0.82;1.1096764252696456;0.0;0
0;88;http://www.careerride.com/Data-structure-defined.aspx;fortran;0.2727272727272727;0.0;0.82;1.0927272727272728;0.0;0
0;89;http://www.careerride.com/Data-structure-defined.aspx;dolphin;0.2727272727272727;0.0;0.82;1.0927272727272728;0.0;0
0;90;http://www.careerride.com/Data-structure-defined.aspx;cgi;0.2727272727272727;0.0;0.82;1.0927272727272728;0.0;0
0;91;http://www.careerride.com/Data-structure-defined.aspx;pascal;0.2727272727272727;0.01694915254237288;0.82;1.1096764252696456;0.0;0
0;98;http://www.careerride.com/Data-structure-defined.aspx;asp.net;0.6363636363636364;0.01694915254237288;0.82;1.4733127889060091;0.0;0
0;99;http://www.careerride.com/Data-structure-defined.aspx;java;0.2727272727272727;0.0;0.82;1.0927272727272728;0.0;0
0;101;http://www.careerride.com/Data-structure-defined.aspx;oracle;0.2727272727272727;0.01694915254237288;0.82;1.1096764252696456;0.0;0
0;103;http://www.careerride.com/Data-structure-defined.aspx;pl/sql;0.6363636363636364;0.01694915254237288;0.82;1.4733127889060091;0.0;0
0;104;http://www.careerride.com/Data-structure-defined.aspx;programming_language;0.6363636363636364;0.01694915254237288;0.82;1.4733127889060091;0.0;0
0;105;http://www.careerride.com/Data-structure-defined.aspx;software_engineering;0.6363636363636364;0.01694915254237288;0.82;1.4733127889060091;0.0;0
0;108;http://www.careerride.com/Data-structure-defined.aspx;mechanical_engineering;0.6363636363636364;0.01694915254237288;0.82;1.4733127889060091;0.0;0
0;109;http://www.careerride.com/Data-structure-defined.aspx;electrical_engineering;0.6363636363636364;0.01694915254237288;0.82;1.4733127889060091;0.0;0
0;110;http://www.careerride.com/Data-structure-defined.aspx;electronic_engineering;0.6363636363636364;0.01694915254237288;0.82;1.4733127889060091;0.0;0
0;111;http://www.careerride.com/Data-structure-defined.aspx;finale;0.2727272727272727;0.01694915254237288;0.82;1.1096764252696456;0.0;0
0;113;http://www.careerride.com/Data-structure-defined.aspx;homer;0.2727272727272727;0.01694915254237288;0.82;1.1096764252696456;0.0;0
0;115;http://www.careerride.com/Data-structure-defined.aspx;sitemaps;0.2727272727272727;0.0;0.82;1.0927272727272728;0.0;0
0;116;http://www.careerride.com/Data-structure-defined.aspx;contactee;0.2727272727272727;0.01694915254237288;0.82;1.1096764252696456;0.0;0
0;118;http://www.careerride.com/Data-structure-defined.aspx;fellow;0.2727272727272727;0.01694915254237288;0.82;1.1096764252696456;0.0;0
0;118;http://www.careerride.com/Data-structure-defined.aspx;facebook_f8;0.2727272727272727;0.0;0.82;1.0927272727272728;0.0;0
0;120;http://www.studytonight.com/data-structures/introduction-to-data-structures;petroform;0.2727272727272727;0.08333333333333333;0.82;1.176060606060606;0.0;0
0;121;http://www.studytonight.com/data-structures/introduction-to-data-structures;neglect;0.2727272727272727;0.08333333333333333;0.82;1.176060606060606;0.0;0
0;122;http://www.studytonight.com/data-structures/introduction-to-data-structures;retail;0.2727272727272727;0.08333333333333333;0.82;1.176060606060606;0.0;0
0;124;https://www.tutorialspoint.com/data_structures_algorithms/data_structures_basics.htm;strings;0.2727272727272727;0.07692307692307693;0.82;1.1696503496503496;0.0;0
0;124;https://www.tutorialspoint.com/data_structures_algorithms/data_structures_basics.htm;integer;0.2727272727272727;0.07692307692307693;0.82;1.1696503496503496;0.0;0
0;124;https://www.tutorialspoint.com/data_structures_algorithms/data_structures_basics.htm;data_type;0.5454545454545454;0.07692307692307693;0.82;1.4423776223776223;0.0;0
0;124;https://www.tutorialspoint.com/data_structures_algorithms/data_structures_basics.htm;types;0.2727272727272727;0.07692307692307693;0.82;1.1696503496503496;0.0;0
0;125;https://www.tutorialspoint.com/data_structures_algorithms/data_structures_basics.htm;determinism;0.2727272727272727;0.07692307692307693;0.82;1.1696503496503496;0.0;0
0;125;https://www.tutorialspoint.com/data_structures_algorithms/data_structures_basics.htm;valis;0.2727272727272727;0.07692307692307693;0.82;1.1696503496503496;0.0;0
0;135;https://www.sqa.org.uk/e-learning/LinkedDS01CD/page_03.htm;software_development;0.6363636363636364;1.0;0.82;2.456363636363636;0.0;0
2;35;https://www.sqa.org.uk/e-learning/LinkedDS01CD/page_03.htm;unix;0.2727272727272727;0.09090909090909091;0.28;0.6436363636363637;0.0;0
2;35;https://www.sqa.org.uk/e-learning/LinkedDS01CD/page_03.htm;linked_data_structure;1.0;0.09090909090909091;0.28;1.3709090909090909;0.0;0
2;38;https://www.sqa.org.uk/e-learning/LinkedDS01CD/page_03.htm;primitive_data_type;0.9393939393939394;0.09090909090909091;0.28;1.3103030303030303;0.0;0
3;1;https://python.swaroopch.com/data_structures.html;setl;0.2727272727272727;0.043478260869565216;0.82;1.1362055335968377;0.0;0
3;1;https://python.swaroopch.com/data_structures.html;dictionary;0.2727272727272727;0.043478260869565216;0.82;1.1362055335968377;0.0;0
3;1;https://python.swaroopch.com/data_structures.html;apple;0.2727272727272727;0.0;0.82;1.0927272727272728;0.0;0
3;3;https://python.swaroopch.com/data_structures.html;enclosure;0.2727272727272727;0.043478260869565216;0.82;1.1362055335968377;0.0;0
3;4;https://python.swaroopch.com/data_structures.html;isearch;0.2727272727272727;0.043478260869565216;0.82;1.1362055335968377;0.0;0
3;4;https://python.swaroopch.com/data_structures.html;creately;0.2727272727272727;0.043478260869565216;0.82;1.1362055335968377;0.0;0
3;4;https://python.swaroopch.com/data_structures.html;remo_3d;0.2727272727272727;0.043478260869565216;0.82;1.1362055335968377;0.0;0
3;4;https://python.swaroopch.com/data_structures.html;.dd;0.2727272727272727;0.08695652173913043;0.82;1.1796837944664031;0.0;0
3;7;https://python.swaroopch.com/data_structures.html;alfredo;0.2727272727272727;0.043478260869565216;0.82;1.1362055335968377;0.0;0
3;8;http://interactivepython.org/runestone/static/pythonds/index.html;gparted;0.2727272727272727;0.07894736842105263;0.82;1.1716746411483254;1.0;0
3;10;http://interactivepython.org/runestone/static/pythonds/index.html;equiv;0.2727272727272727;0.0;0.82;1.0927272727272728;0.0;0
3;10;http://interactivepython.org/runestone/static/pythonds/index.html;quake;0.2727272727272727;0.02631578947368421;0.82;1.1190430622009568;0.0;0
3;10;http://interactivepython.org/runestone/static/pythonds/index.html;prefix;0.2727272727272727;0.02631578947368421;0.82;1.1190430622009568;0.0;0
3;10;http://interactivepython.org/runestone/static/pythonds/index.html;ack;0.2727272727272727;0.02631578947368421;0.82;1.1190430622009568;0.0;0
3;11;http://interactivepython.org/runestone/static/pythonds/index.html;sum;0.2727272727272727;0.02631578947368421;0.82;1.1190430622009568;0.0;0
3;11;http://interactivepython.org/runestone/static/pythonds/index.html;lansa;0.2727272727272727;0.0;0.82;1.0927272727272728;0.0;0
3;14;http://interactivepython.org/runestone/static/pythonds/index.html;knight;0.2727272727272727;0.0;0.82;1.0927272727272728;0.0;0
3;18;http://interactivepython.org/runestone/static/pythonds/index.html;programming;0.2727272727272727;0.0;0.82;1.0927272727272728;0.0;0
3;19;http://interactivepython.org/runestone/static/pythonds/index.html;abstract_data_type;1.0;0.02631578947368421;0.82;1.8463157894736844;0.0;0
3;27;http://interactivepython.org/runestone/static/pythonds/index.html;circuit;0.2727272727272727;0.02631578947368421;0.82;1.1190430622009568;0.0;0
3;57;http://pymbook.readthedocs.io/en/latest/datastructure.html;methods;0.2727272727272727;0.07142857142857142;0.82;1.164155844155844;0.0;0
3;57;http://pymbook.readthedocs.io/en/latest/datastructure.html;rendering;0.2727272727272727;0.07142857142857142;0.82;1.164155844155844;0.0;0
3;57;http://pymbook.readthedocs.io/en/latest/datastructure.html;manipulator;0.2727272727272727;0.07142857142857142;0.82;1.164155844155844;0.0;0
3;58;http://pymbook.readthedocs.io/en/latest/datastructure.html;depth;0.2727272727272727;0.07142857142857142;0.82;1.164155844155844;0.0;0
3;60;https://www.safaribooksonline.com/library/view/python-for-finance/9781491945360/ch04.html;python;0.2727272727272727;0.06060606060606061;0.22000000000000003;0.5533333333333333;0.0;0
3;60;https://www.safaribooksonline.com/library/view/python-for-finance/9781491945360/ch04.html;high-level_programming_language;1.0;0.030303030303030304;0.82;1.8503030303030301;0.0;0
3;60;https://www.safaribooksonline.com/library/view/python-for-finance/9781491945360/ch04.html;object-oriented;0.2727272727272727;0.030303030303030304;0.82;1.123030303030303;0.0;0
3;61;https://www.safaribooksonline.com/library/view/python-for-finance/9781491945360/ch04.html;manet;0.2727272727272727;0.030303030303030304;0.82;1.123030303030303;0.0;0
3;61;https://www.safaribooksonline.com/library/view/python-for-finance/9781491945360/ch04.html;rapid_application_development;1.0;0.030303030303030304;0.82;1.8503030303030301;0.0;0
3;61;https://www.safaribooksonline.com/library/view/python-for-finance/9781491945360/ch04.html;combinant;0.2727272727272727;0.030303030303030304;0.82;1.123030303030303;0.0;0
3;62;https://www.safaribooksonline.com/library/view/python-for-finance/9781491945360/ch04.html;simple;0.2727272727272727;0.030303030303030304;0.82;1.123030303030303;0.0;0
3;62;https://www.safaribooksonline.com/library/view/python-for-finance/9781491945360/ch04.html;coot;0.2727272727272727;0.030303030303030304;0.82;1.123030303030303;0.0;0
3;62;https://www.safaribooksonline.com/library/view/python-for-finance/9781491945360/ch04.html;as;0.2727272727272727;0.030303030303030304;0.82;1.123030303030303;0.0;0
3;63;https://www.safaribooksonline.com/library/view/python-for-finance/9781491945360/ch04.html;code_reuse;0.6363636363636364;0.030303030303030304;0.82;1.4866666666666666;0.0;0
3;63;https://www.safaribooksonline.com/library/view/python-for-finance/9781491945360/ch04.html;hackage;0.2727272727272727;0.030303030303030304;0.82;1.123030303030303;0.0;0
3;64;https://www.safaribooksonline.com/library/view/python-for-finance/9781491945360/ch04.html;sources;0.2727272727272727;0.030303030303030304;0.82;1.123030303030303;0.0;0
3;64;https://www.safaribooksonline.com/library/view/python-for-finance/9781491945360/ch04.html;change;0.2727272727272727;0.030303030303030304;0.82;1.123030303030303;0.0;0
3;70;https://code.tutsplus.com/articles/advanced-python-data-structures--net-32748;utility;0.2727272727272727;0.0;0.82;1.0927272727272728;0.0;0
3;70;https://code.tutsplus.com/articles/advanced-python-data-structures--net-32748;ruler;0.2727272727272727;0.047619047619047616;0.82;1.1403463203463202;0.0;0
3;71;https://code.tutsplus.com/articles/advanced-python-data-structures--net-32748;sled;0.2727272727272727;0.047619047619047616;0.82;1.1403463203463202;0.0;0
3;71;https://code.tutsplus.com/articles/advanced-python-data-structures--net-32748;elements;0.2727272727272727;0.047619047619047616;0.82;1.1403463203463202;0.0;0
3;72;https://code.tutsplus.com/articles/advanced-python-data-structures--net-32748;kino;0.2727272727272727;0.0;0.82;1.0927272727272728;0.0;0
3;72;https://code.tutsplus.com/articles/advanced-python-data-structures--net-32748;list;0.2727272727272727;0.0;0.82;1.0927272727272728;0.0;0
3;72;https://code.tutsplus.com/articles/advanced-python-data-structures--net-32748;stable;0.2727272727272727;0.047619047619047616;0.82;1.1403463203463202;0.0;0
3;72;https://code.tutsplus.com/articles/advanced-python-data-structures--net-32748;strings;0.45454545454545453;0.047619047619047616;0.82;1.322164502164502;0.0;0
4;8;http://www.go4as400.com/data-structure-in-as400/data.aspx%3Fcid%3D13;data;0.2727272727272727;0.3333333333333333;1.0;1.606060606060606;0.0;0
4;9;http://www.go4as400.com/data-structure-in-as400/data.aspx%3Fcid%3D13;structure;0.2727272727272727;0.3333333333333333;1.0;1.606060606060606;0.0;0
4;47;https://www.allinterview.com/showanswers/97460/what-is-data-structure-how-many-types-of-data-structers.html;anger;0.2727272727272727;0.047619047619047616;1.0;1.3203463203463204;0.0;0
4;48;https://www.allinterview.com/showanswers/97460/what-is-data-structure-how-many-types-of-data-structers.html;games;0.2727272727272727;0.0;1.0;1.2727272727272727;0.0;0
4;56;https://www.allinterview.com/showanswers/97460/what-is-data-structure-how-many-types-of-data-structers.html;specification;0.45454545454545453;0.0;1.0;1.4545454545454546;0.0;0
4;57;https://www.allinterview.com/showanswers/97460/what-is-data-structure-how-many-types-of-data-structers.html;ares;0.2727272727272727;0.047619047619047616;1.0;1.3203463203463204;0.0;0
4;57;https://www.allinterview.com/showanswers/97460/what-is-data-structure-how-many-types-of-data-structers.html;orage;0.2727272727272727;0.047619047619047616;1.0;1.3203463203463204;0.0;0
4;58;https://www.allinterview.com/showanswers/97460/what-is-data-structure-how-many-types-of-data-structers.html;forall;0.45454545454545453;0.047619047619047616;1.0;1.502164502164502;0.0;0
4;58;https://www.allinterview.com/showanswers/97460/what-is-data-structure-how-many-types-of-data-structers.html;-types;0.09090909090909091;0.047619047619047616;1.0;1.1385281385281385;0.0;0
4;73;http://www.rpgpgm.com/2013/09/externally-described-data-structures.html;brain;0.2727272727272727;0.011494252873563218;1.0;1.2842215256008358;0.0;0
4;73;http://www.rpgpgm.com/2013/09/externally-described-data-structures.html;rpg;0.2727272727272727;0.0;1.0;1.2727272727272727;0.0;0
4;73;http://www.rpgpgm.com/2013/09/externally-described-data-structures.html;hacking;0.2727272727272727;0.011494252873563218;1.0;1.2842215256008358;0.0;0
4;74;http://www.rpgpgm.com/2013/09/externally-described-data-structures.html;ibm_system/38;0.3939393939393939;0.011494252873563218;1.0;1.4054336468129571;0.0;0
4;75;http://www.rpgpgm.com/2013/09/externally-described-data-structures.html;fluentd;0.2727272727272727;0.011494252873563218;1.0;1.2842215256008358;0.0;0
4;75;http://www.rpgpgm.com/2013/09/externally-described-data-structures.html;time;0.2727272727272727;0.022988505747126436;1.0;1.2957157784743991;0.0;0
4;78;http://www.rpgpgm.com/2013/09/externally-described-data-structures.html;warning;0.2727272727272727;0.022988505747126436;1.0;1.2957157784743991;0.0;0
4;79;http://www.rpgpgm.com/2013/09/externally-described-data-structures.html;converb;0.2727272727272727;0.022988505747126436;1.0;1.2957157784743991;0.0;0
4;79;http://www.rpgpgm.com/2013/09/externally-described-data-structures.html;sdsl;0.2727272727272727;0.0;1.0;1.2727272727272727;0.0;0
4;79;http://www.rpgpgm.com/2013/09/externally-described-data-structures.html;convection;0.2727272727272727;0.022988505747126436;1.0;1.2957157784743991;0.0;0
4;80;http://www.rpgpgm.com/2013/09/externally-described-data-structures.html;a.out;0.2727272727272727;0.0;1.0;1.2727272727272727;0.0;0
4;81;http://www.rpgpgm.com/2013/09/externally-described-data-structures.html;change;0.2727272727272727;0.034482758620689655;0.45999999999999996;0.7672100313479624;0.0;0
4;82;http://www.rpgpgm.com/2013/09/externally-described-data-structures.html;system/390;0.09090909090909091;0.011494252873563218;1.0;1.1024033437826541;0.0;0
4;82;http://www.rpgpgm.com/2013/09/externally-described-data-structures.html;externality;0.45454545454545453;0.05747126436781609;0.45999999999999996;0.9720167189132706;0.0;0
4;82;http://www.rpgpgm.com/2013/09/externally-described-data-structures.html;cobol;0.2727272727272727;0.0;1.0;1.2727272727272727;0.0;0
4;82;http://www.rpgpgm.com/2013/09/externally-described-data-structures.html;ibm_rochester;0.6363636363636364;0.011494252873563218;1.0;1.6478578892371996;0.0;0
4;83;http://www.rpgpgm.com/2013/09/externally-described-data-structures.html;language;0.2727272727272727;0.0;1.0;1.2727272727272727;0.0;0
4;88;http://www.rpgpgm.com/2013/09/externally-described-data-structures.html;tradition;0.2727272727272727;0.011494252873563218;1.0;1.2842215256008358;0.0;0
4;88;http://www.rpgpgm.com/2013/09/externally-described-data-structures.html;fever;0.2727272727272727;0.011494252873563218;1.0;1.2842215256008358;0.0;0
4;89;http://www.rpgpgm.com/2013/09/externally-described-data-structures.html;abend;0.2727272727272727;0.011494252873563218;1.0;1.2842215256008358;0.0;0
4;89;http://www.rpgpgm.com/2013/09/externally-described-data-structures.html;eel;0.2727272727272727;0.0;1.0;1.2727272727272727;0.0;0
4;89;http://www.rpgpgm.com/2013/09/externally-described-data-structures.html;cloning;0.2727272727272727;0.011494252873563218;1.0;1.2842215256008358;0.0;0
4;89;http://www.rpgpgm.com/2013/09/externally-described-data-structures.html;coils;0.2727272727272727;0.011494252873563218;1.0;1.2842215256008358;0.0;0
4;89;http://www.rpgpgm.com/2013/09/externally-described-data-structures.html;planeat;0.2727272727272727;0.011494252873563218;1.0;1.2842215256008358;0.0;0
4;89;http://www.rpgpgm.com/2013/09/externally-described-data-structures.html;cong;0.2727272727272727;0.011494252873563218;1.0;1.2842215256008358;0.0;0
4;90;http://www.rpgpgm.com/2013/09/externally-described-data-structures.html;momentum;0.2727272727272727;0.011494252873563218;1.0;1.2842215256008358;0.0;0
4;90;http://www.rpgpgm.com/2013/09/externally-described-data-structures.html;plan;0.2727272727272727;0.011494252873563218;1.0;1.2842215256008358;0.0;0
4;90;http://www.rpgpgm.com/2013/09/externally-described-data-structures.html;words;0.2727272727272727;0.011494252873563218;1.0;1.2842215256008358;0.0;0
4;93;http://www.mcpressonline.com/programming/rpg/qualified-data-structures;agility;0.2727272727272727;0.058823529411764705;1.0;1.3315508021390374;0.0;0
4;95;http://www.mcpressonline.com/programming/rpg/qualified-data-structures;compiler;0.2727272727272727;0.058823529411764705;1.0;1.3315508021390374;0.0;0
4;97;http://www.mcpressonline.com/programming/rpg/qualified-data-structures;casino;0.2727272727272727;0.0;1.0;1.2727272727272727;0.0;0
4;99;http://search400.techtarget.com/tip/Qualified-data-structures-Why-you-should-be-using-them;6510;0.2727272727272727;0.0;1.0;1.2727272727272727;0.0;0
4;99;http://search400.techtarget.com/tip/Qualified-data-structures-Why-you-should-be-using-them;introduction;0.2727272727272727;0.0;1.0;1.2727272727272727;0.0;0
4;100;http://search400.techtarget.com/tip/Qualified-data-structures-Why-you-should-be-using-them;cancer;0.2727272727272727;0.02631578947368421;1.0;1.299043062200957;0.0;0
4;100;http://search400.techtarget.com/tip/Qualified-data-structures-Why-you-should-be-using-them;excite;0.2727272727272727;0.02631578947368421;1.0;1.299043062200957;0.0;0
4;101;http://search400.techtarget.com/tip/Qualified-data-structures-Why-you-should-be-using-them;confer;0.2727272727272727;0.02631578947368421;1.0;1.299043062200957;0.0;0
4;101;http://search400.techtarget.com/tip/Qualified-data-structures-Why-you-should-be-using-them;discoveries;0.2727272727272727;0.02631578947368421;1.0;1.299043062200957;0.0;0
4;101;http://search400.techtarget.com/tip/Qualified-data-structures-Why-you-should-be-using-them;scart;0.2727272727272727;0.02631578947368421;1.0;1.299043062200957;0.0;0
4;101;http://search400.techtarget.com/tip/Qualified-data-structures-Why-you-should-be-using-them;cots;0.2727272727272727;0.0;1.0;1.2727272727272727;0.0;0
4;101;http://search400.techtarget.com/tip/Qualified-data-structures-Why-you-should-be-using-them;mean;0.2727272727272727;0.05263157894736842;1.0;1.325358851674641;0.0;0
4;102;http://search400.techtarget.com/tip/Qualified-data-structures-Why-you-should-be-using-them;ead;0.2727272727272727;0.0;1.0;1.2727272727272727;0.0;0
4;102;http://search400.techtarget.com/tip/Qualified-data-structures-Why-you-should-be-using-them;providex;0.2727272727272727;0.02631578947368421;1.0;1.299043062200957;0.0;0
4;102;http://search400.techtarget.com/tip/Qualified-data-structures-Why-you-should-be-using-them;byfield;0.2727272727272727;0.02631578947368421;1.0;1.299043062200957;0.0;0
4;115;http://search400.techtarget.com/tip/Qualified-data-structures-Why-you-should-be-using-them;amphora;0.2727272727272727;0.05263157894736842;1.0;1.325358851674641;0.0;0
4;116;http://search400.techtarget.com/tip/Qualified-data-structures-Why-you-should-be-using-them;ce;0.2727272727272727;0.0;1.0;1.2727272727272727;0.0;0
4;116;http://search400.techtarget.com/tip/Qualified-data-structures-Why-you-should-be-using-them;cbecon;0.2727272727272727;0.0;1.0;1.2727272727272727;0.0;0
4;117;http://search400.techtarget.com/tip/Qualified-data-structures-Why-you-should-be-using-them;programmers;0.45454545454545453;0.0;1.0;1.4545454545454546;0.0;0
4;117;http://search400.techtarget.com/tip/Qualified-data-structures-Why-you-should-be-using-them;cache;0.2727272727272727;0.02631578947368421;1.0;1.299043062200957;0.0;0
4;146;http://itknowledgeexchange.techtarget.com/itanswers/difference-between-external-described-datastructure-and-program-described-datastructure/;crate;0.2727272727272727;0.1;1.0;1.3727272727272726;0.0;0
4;146;http://itknowledgeexchange.techtarget.com/itanswers/difference-between-external-described-datastructure-and-program-described-datastructure/;affine;0.2727272727272727;0.1;0.45999999999999996;0.8327272727272726;0.0;0
6;1;http://adv-r.had.co.nz/Data-structures.html;zenith;0.2727272727272727;0.0;0.64;0.9127272727272727;0.0;0
6;2;http://adv-r.had.co.nz/Data-structures.html;logic;0.2727272727272727;0.0;0.64;0.9127272727272727;1.0;0
6;3;http://adv-r.had.co.nz/Data-structures.html;raw;0.2727272727272727;0.07142857142857142;0.64;0.9841558441558441;0.0;0
6;3;http://adv-r.had.co.nz/Data-structures.html;compiere;0.2727272727272727;0.07142857142857142;0.64;0.9841558441558441;0.0;0
6;4;https://ramnathv.github.io/pycon2014-r/learn/structures.html;vector;0.2727272727272727;0.1;0.28;0.6527272727272727;0.0;0
6;4;https://ramnathv.github.io/pycon2014-r/learn/structures.html;compost;0.2727272727272727;0.1;0.64;1.0127272727272727;0.0;0
6;4;https://ramnathv.github.io/pycon2014-r/learn/structures.html;piety;0.2727272727272727;0.1;0.64;1.0127272727272727;0.0;0
6;5;https://ramnathv.github.io/pycon2014-r/learn/structures.html;vector;0.2727272727272727;0.1;0.64;1.0127272727272727;0.0;0
6;8;https://swcarpentry.github.io/r-novice-inflammation/13-supp-data-structures/;data_structures;0.6363636363636364;0.4;0.64;1.6763636363636363;0.0;0
6;10;https://swcarpentry.github.io/r-novice-inflammation/13-supp-data-structures/;data_types;0.6363636363636364;0.2;0.64;1.4763636363636365;0.0;0
6;11;http://www.statmethods.net/input/datatypes.html;objectif;0.6363636363636364;0.16666666666666666;0.64;1.4430303030303029;0.0;0
6;14;http://www.statmethods.net/input/datatypes.html;peace;0.2727272727272727;0.05555555555555555;0.64;0.9682828282828283;0.0;0
6;14;http://www.statmethods.net/input/datatypes.html;cave;0.2727272727272727;0.05555555555555555;0.64;0.9682828282828283;0.0;0
7;10;http://www.studytonight.com/data-structures/introduction-to-data-structures;collecting;0.2727272727272727;0.041666666666666664;0.64;0.9543939393939394;0.0;0
7;11;http://www.studytonight.com/data-structures/introduction-to-data-structures;organization;0.2727272727272727;0.0;0.64;0.9127272727272727;0.0;0
7;12;http://www.studytonight.com/data-structures/introduction-to-data-structures;viral;0.2727272727272727;0.0;0.64;0.9127272727272727;0.0;0
7;15;http://www.studytonight.com/data-structures/introduction-to-data-structures;notes;0.2727272727272727;0.041666666666666664;0.64;0.9543939393939394;0.0;0
7;16;http://www.studytonight.com/data-structures/introduction-to-data-structures;beep;0.2727272727272727;0.041666666666666664;0.64;0.9543939393939394;0.0;0
7;20;http://www.cprogramming.com/algorithms-and-data-structures.html;apic;0.2727272727272727;0.05555555555555555;0.64;0.9682828282828283;0.0;0
7;21;http://www.cprogramming.com/algorithms-and-data-structures.html;octal;0.2727272727272727;0.05555555555555555;0.64;0.9682828282828283;0.0;0
7;21;http://www.cprogramming.com/algorithms-and-data-structures.html;hex;0.2727272727272727;0.0;0.64;0.9127272727272727;0.0;0
7;22;http://www.cprogramming.com/algorithms-and-data-structures.html;hearth;0.2727272727272727;0.0;0.64;0.9127272727272727;0.0;0
7;22;http://www.cprogramming.com/algorithms-and-data-structures.html;nature;0.2727272727272727;0.05555555555555555;0.64;0.9682828282828283;0.0;0
7;22;http://www.cprogramming.com/algorithms-and-data-structures.html;faith;0.2727272727272727;0.05555555555555555;0.64;0.9682828282828283;0.0;0
7;22;http://www.cprogramming.com/algorithms-and-data-structures.html;collet;0.2727272727272727;0.05555555555555555;0.64;0.9682828282828283;0.0;0
7;386;http://www.tutorialspoint.com/ansi_c/c_structured_datatypes.htm;groups;0.2727272727272727;0.07142857142857142;0.64;0.9841558441558441;1.0;0
7;386;http://www.tutorialspoint.com/ansi_c/c_structured_datatypes.htm;simpy;0.2727272727272727;0.07142857142857142;0.64;0.9841558441558441;1.0;0
7;387;http://www.tutorialspoint.com/ansi_c/c_structured_datatypes.htm;rtems;0.2727272727272727;0.03571428571428571;0.64;0.9484415584415584;0.0;0
7;387;http://www.tutorialspoint.com/ansi_c/c_structured_datatypes.htm;clams;0.2727272727272727;0.03571428571428571;0.64;0.9484415584415584;0.0;0
7;388;http://www.tutorialspoint.com/ansi_c/c_structured_datatypes.htm;structure;0.2727272727272727;0.03571428571428571;0.64;0.9484415584415584;0.0;0
7;388;http://www.tutorialspoint.com/ansi_c/c_structured_datatypes.htm;strict;0.2727272727272727;0.0;0.64;0.9127272727272727;0.0;0
7;390;http://www.tutorialspoint.com/ansi_c/c_structured_datatypes.htm;activex;0.2727272727272727;0.03571428571428571;0.64;0.9484415584415584;0.0;0
8;1;https://en.wikipedia.org/wiki/List_of_data_structures;multimap;0.2727272727272727;0.0;0.64;0.9127272727272727;0.0;1
8;6;https://www.tutorialspoint.com/java/java_data_structures.htm;type3;0.2727272727272727;0.2;0.64;1.1127272727272728;0.0;0
8;6;https://www.tutorialspoint.com/java/java_data_structures.htm;system;0.2727272727272727;0.2;0.64;1.1127272727272728;0.0;0
8;12;http://jcsites.juniata.edu/faculty/kruse/cs240/datatypes.htm;language;0.2727272727272727;0.0;0.64;0.9127272727272727;0.0;0
8;12;http://jcsites.juniata.edu/faculty/kruse/cs240/datatypes.htm;hearing;0.2727272727272727;0.125;0.64;1.0377272727272726;0.0;0
8;12;http://jcsites.juniata.edu/faculty/kruse/cs240/datatypes.htm;parts;0.2727272727272727;0.125;0.64;1.0377272727272726;0.0;0
9;1;http://searchsqlserver.techtarget.com/definition/data-structure;data_structure;0.6363636363636364;0.24;0.14500000000000002;1.0213636363636365;0.0;1
9;2;http://searchsqlserver.techtarget.com/definition/data-structure;second;0.2727272727272727;0.08;0.37;0.7227272727272727;0.0;1
9;2;http://searchsqlserver.techtarget.com/definition/data-structure;array;0.2727272727272727;0.08;0.22000000000000003;0.5727272727272728;0.0;1
9;2;http://searchsqlserver.techtarget.com/definition/data-structure;tree;0.2727272727272727;0.08;0.02000000000000001;0.37272727272727274;0.0;1
9;2;http://searchsqlserver.techtarget.com/definition/data-structure;film1;0.2727272727272727;0.08;0.82;1.1727272727272726;0.0;1
9;2;http://searchsqlserver.techtarget.com/definition/data-structure;tables;0.2727272727272727;0.08;0.82;1.1727272727272726;0.0;1
9;3;http://searchsqlserver.techtarget.com/definition/data-structure;wafs;0.2727272727272727;0.08;0.82;1.1727272727272726;0.0;1
9;3;http://searchsqlserver.techtarget.com/definition/data-structure;designer;0.2727272727272727;0.16;0.82;1.2527272727272727;0.0;1
9;3;http://searchsqlserver.techtarget.com/definition/data-structure;scite;0.2727272727272727;0.08;0.82;1.1727272727272726;0.0;1
9;3;http://searchsqlserver.techtarget.com/definition/data-structure;words;0.2727272727272727;0.08;0.82;1.1727272727272726;0.0;1
9;4;http://searchsqlserver.techtarget.com/definition/data-structure;cooking;0.2727272727272727;0.08;0.82;1.1727272727272726;0.0;1
9;4;http://searchsqlserver.techtarget.com/definition/data-structure;computer_programming;0.6363636363636364;0.08;0.82;1.5363636363636362;0.0;1
9;4;http://searchsqlserver.techtarget.com/definition/data-structure;purpose;0.2727272727272727;0.08;0.82;1.1727272727272726;0.0;1
9;4;http://searchsqlserver.techtarget.com/definition/data-structure;algorithms;0.2727272727272727;0.12;0.37;0.7627272727272727;0.0;1
9;10;https://en.wikipedia.org/wiki/Data_structure;computer;0.45454545454545453;0.2;0.82;1.4745454545454546;0.0;0
9;10;https://en.wikipedia.org/wiki/Data_structure;computer_science;0.5454545454545454;0.2;0.82;1.5654545454545454;0.0;0
9;14;https://en.wikipedia.org/wiki/List_of_data_structures;aermod;0.45454545454545453;0.005633802816901409;0.82;1.2801792573623558;0.0;0
9;14;https://en.wikipedia.org/wiki/List_of_data_structures;list;0.45454545454545453;0.0;0.82;1.2745454545454544;0.0;0
9;15;https://en.wikipedia.org/wiki/List_of_data_structures;comparisons;0.2727272727272727;0.0028169014084507044;0.82;1.0955441741357235;0.0;0
9;15;https://en.wikipedia.org/wiki/List_of_data_structures;subset;0.2727272727272727;0.0028169014084507044;0.82;1.0955441741357235;0.0;0
9;16;https://en.wikipedia.org/wiki/List_of_data_structures;properties;0.2727272727272727;0.005633802816901409;0.82;1.0983610755441742;0.0;0
9;17;https://en.wikipedia.org/wiki/List_of_data_structures;linear_a;0.2727272727272727;0.0;0.82;1.0927272727272728;0.0;0
9;17;https://en.wikipedia.org/wiki/List_of_data_structures;sequences;0.2727272727272727;0.005633802816901409;0.82;1.0983610755441742;0.0;0
9;18;https://en.wikipedia.org/wiki/List_of_data_structures;bit-slice;0.6363636363636364;0.0028169014084507044;0.82;1.459180537772087;0.0;0
9;19;https://en.wikipedia.org/wiki/List_of_data_structures;trie;0.2727272727272727;0.0028169014084507044;0.82;1.0955441741357235;0.0;0
9;20;https://en.wikipedia.org/wiki/List_of_data_structures;radix_tree;0.6363636363636364;0.0028169014084507044;0.82;1.459180537772087;0.0;0
9;21;https://en.wikipedia.org/wiki/List_of_data_structures;suffix_tree;0.6363636363636364;0.0028169014084507044;0.82;1.459180537772087;0.0;0
9;22;https://en.wikipedia.org/wiki/List_of_data_structures;suffix_array;0.6363636363636364;0.0028169014084507044;0.82;1.459180537772087;0.0;0
9;23;https://en.wikipedia.org/wiki/List_of_data_structures;compressed_suffix_array;1.0;0.0028169014084507044;0.82;1.8228169014084505;0.0;0
9;24;https://en.wikipedia.org/wiki/List_of_data_structures;fm-index;0.2727272727272727;0.0028169014084507044;0.82;1.0955441741357235;0.0;0
9;25;https://en.wikipedia.org/wiki/List_of_data_structures;generalised_suffix_tree;1.0;0.0028169014084507044;0.82;1.8228169014084505;0.0;0
9;26;https://en.wikipedia.org/wiki/List_of_data_structures;b-trie;0.2727272727272727;0.0028169014084507044;0.82;1.0955441741357235;0.0;0
9;27;https://en.wikipedia.org/wiki/List_of_data_structures;judy_array;0.6363636363636364;0.0028169014084507044;0.82;1.459180537772087;0.0;0
9;28;https://en.wikipedia.org/wiki/List_of_data_structures;x-fast_trie;0.6363636363636364;0.0028169014084507044;0.82;1.459180537772087;0.0;0
9;29;https://en.wikipedia.org/wiki/List_of_data_structures;y-fast_trie;0.6363636363636364;0.0028169014084507044;0.82;1.459180537772087;0.0;0
9;30;https://en.wikipedia.org/wiki/List_of_data_structures;merkle_tree;0.6363636363636364;0.0028169014084507044;0.82;1.459180537772087;0.0;0
9;31;https://en.wikipedia.org/wiki/List_of_data_structures;ctrie;0.2727272727272727;0.0;0.82;1.0927272727272728;0.0;0
9;35;https://en.wikipedia.org/wiki/List_of_data_structures;tango_tree;0.6363636363636364;0.0028169014084507044;0.82;1.459180537772087;0.0;0
9;36;https://en.wikipedia.org/wiki/List_of_data_structures;bin;0.2727272727272727;0.0028169014084507044;0.82;1.0955441741357235;0.0;0
9;43;https://en.wikipedia.org/wiki/List_of_data_structures;ctrie;0.2727272727272727;0.0;0.82;1.0927272727272728;0.0;0
9;46;https://en.wikipedia.org/wiki/List_of_data_structures;aa_tree;0.2727272727272727;0.0028169014084507044;0.82;1.0955441741357235;0.0;0
9;51;https://en.wikipedia.org/wiki/List_of_data_structures;aa_tree;0.2727272727272727;0.0028169014084507044;0.82;1.0955441741357235;0.0;0
9;52;https://en.wikipedia.org/wiki/List_of_data_structures;metric_time;0.6363636363636364;0.0028169014084507044;0.82;1.459180537772087;0.0;0
9;54;https://en.wikipedia.org/wiki/List_of_data_structures;aa_tree;0.2727272727272727;0.0028169014084507044;0.82;1.0955441741357235;0.0;0
9;55;https://en.wikipedia.org/wiki/List_of_data_structures;aa_tree;0.2727272727272727;0.0028169014084507044;0.82;1.0955441741357235;0.0;0
9;56;https://en.wikipedia.org/wiki/List_of_data_structures;b+_tree;0.2727272727272727;0.0028169014084507044;0.82;1.0955441741357235;0.0;0
9;59;https://en.wikipedia.org/wiki/List_of_data_structures;b+_tree;0.6363636363636364;0.0028169014084507044;0.82;1.459180537772087;0.0;0
9;80;https://en.wikipedia.org/wiki/List_of_data_structures;ale;0.2727272727272727;0.0028169014084507044;0.82;1.0955441741357235;0.0;0
9;80;https://en.wikipedia.org/wiki/List_of_data_structures;boolean;0.2727272727272727;0.0;0.82;1.0927272727272728;0.0;0
9;80;https://en.wikipedia.org/wiki/List_of_data_structures;tree;0.2727272727272727;0.0028169014084507044;0.82;1.0955441741357235;0.0;0
9;81;https://en.wikipedia.org/wiki/List_of_data_structures;charactron;0.2727272727272727;0.0028169014084507044;0.82;1.0955441741357235;0.0;0
9;82;https://en.wikipedia.org/wiki/List_of_data_structures;floating_point;0.2727272727272727;0.0028169014084507044;0.82;1.0955441741357235;0.0;0
9;83;https://en.wikipedia.org/wiki/List_of_data_structures;double;0.2727272727272727;0.0028169014084507044;0.82;1.0955441741357235;0.0;0
9;84;https://en.wikipedia.org/wiki/List_of_data_structures;integral;0.2727272727272727;0.0028169014084507044;0.82;1.0955441741357235;0.0;0
9;85;https://en.wikipedia.org/wiki/List_of_data_structures;charactron;0.2727272727272727;0.0028169014084507044;0.82;1.0955441741357235;0.0;0
9;86;https://en.wikipedia.org/wiki/List_of_data_structures;anger;0.2727272727272727;0.0;0.82;1.0927272727272728;0.0;0
9;86;https://en.wikipedia.org/wiki/List_of_data_structures;reference;0.2727272727272727;0.0028169014084507044;0.82;1.0955441741357235;0.0;0
9;86;https://en.wikipedia.org/wiki/List_of_data_structures;memory;0.2727272727272727;0.0028169014084507044;0.82;1.0955441741357235;0.0;0
9;86;https://en.wikipedia.org/wiki/List_of_data_structures;small;0.2727272727272727;0.0028169014084507044;0.82;1.0955441741357235;0.0;0
9;87;https://en.wikipedia.org/wiki/List_of_data_structures;enumerated_type;0.6363636363636364;0.0028169014084507044;0.82;1.459180537772087;0.0;0
9;90;https://en.wikipedia.org/wiki/List_of_data_structures;unison;0.2727272727272727;0.0028169014084507044;0.82;1.0955441741357235;0.0;0
9;91;https://en.wikipedia.org/wiki/List_of_data_structures;tagged_union;0.6363636363636364;0.0028169014084507044;0.82;1.459180537772087;0.0;0
9;92;https://en.wikipedia.org/wiki/List_of_data_structures;containers;0.2727272727272727;0.005633802816901409;0.82;1.0983610755441742;0.0;0
9;94;https://en.wikipedia.org/wiki/List_of_data_structures;associative_array;0.6363636363636364;0.0028169014084507044;0.82;1.459180537772087;0.0;0
9;97;https://en.wikipedia.org/wiki/List_of_data_structures;bag;0.2727272727272727;0.0028169014084507044;0.82;1.0955441741357235;0.0;0
9;98;https://en.wikipedia.org/wiki/List_of_data_structures;multiset;0.2727272727272727;0.0;0.82;1.0927272727272728;0.0;0
9;101;https://en.wikipedia.org/wiki/List_of_data_structures;double-ended_queue;0.6363636363636364;0.008450704225352112;0.82;1.4648143405889884;0.0;0
9;102;https://en.wikipedia.org/wiki/List_of_data_structures;priority_queue;0.6363636363636364;0.0028169014084507044;0.82;1.459180537772087;0.0;0
9;104;https://en.wikipedia.org/wiki/List_of_data_structures;graph;0.2727272727272727;0.005633802816901409;0.82;1.0983610755441742;0.0;0
9;106;https://en.wikipedia.org/wiki/List_of_data_structures;bit_array;0.6363636363636364;0.005633802816901409;0.82;1.4619974391805377;0.0;0
9;107;https://en.wikipedia.org/wiki/List_of_data_structures;bit_field;0.6363636363636364;0.0028169014084507044;0.82;1.459180537772087;0.0;0
9;108;https://en.wikipedia.org/wiki/List_of_data_structures;bitboard;0.2727272727272727;0.0;0.82;1.0927272727272728;0.0;0
9;109;https://en.wikipedia.org/wiki/List_of_data_structures;bitmap;0.2727272727272727;0.0028169014084507044;0.82;1.0955441741357235;0.0;0
9;110;https://en.wikipedia.org/wiki/List_of_data_structures;circular_buffer;0.6363636363636364;0.005633802816901409;0.82;1.4619974391805377;0.0;0
9;111;https://en.wikipedia.org/wiki/List_of_data_structures;control_table;0.6363636363636364;0.0028169014084507044;0.82;1.459180537772087;0.0;0
9;112;https://en.wikipedia.org/wiki/List_of_data_structures;image;0.2727272727272727;0.0028169014084507044;0.82;1.0955441741357235;0.0;0
9;113;https://en.wikipedia.org/wiki/List_of_data_structures;dope_vector;0.6363636363636364;0.0028169014084507044;0.82;1.459180537772087;0.0;0
9;114;https://en.wikipedia.org/wiki/List_of_data_structures;dynamic_array;0.6363636363636364;0.005633802816901409;0.82;1.4619974391805377;0.0;0
9;115;https://en.wikipedia.org/wiki/List_of_data_structures;gap_buffer;0.6363636363636364;0.0028169014084507044;0.82;1.459180537772087;0.0;0
9;116;https://en.wikipedia.org/wiki/List_of_data_structures;hashed_array_tree;1.0;0.005633802816901409;0.82;1.8256338028169012;0.0;0
9;117;https://en.wikipedia.org/wiki/List_of_data_structures;heightmap;0.2727272727272727;0.0;0.82;1.0927272727272728;0.0;0
9;118;https://en.wikipedia.org/wiki/List_of_data_structures;lookup_table;0.6363636363636364;0.0028169014084507044;0.82;1.459180537772087;0.0;0
9;119;https://en.wikipedia.org/wiki/List_of_data_structures;marina;0.2727272727272727;0.0028169014084507044;0.82;1.0955441741357235;0.0;0
9;120;https://en.wikipedia.org/wiki/List_of_data_structures;parallel_array;0.6363636363636364;0.0028169014084507044;0.82;1.459180537772087;0.0;0
9;121;https://en.wikipedia.org/wiki/List_of_data_structures;sorted_array;0.6363636363636364;0.0028169014084507044;0.82;1.459180537772087;0.0;0
9;122;https://en.wikipedia.org/wiki/List_of_data_structures;sparse_matrix;0.6363636363636364;0.005633802816901409;0.82;1.4619974391805377;0.0;0
9;123;https://en.wikipedia.org/wiki/List_of_data_structures;iliffe_vector;0.6363636363636364;0.0028169014084507044;0.82;1.459180537772087;0.0;0
9;124;https://en.wikipedia.org/wiki/List_of_data_structures;variable-length_array;0.6363636363636364;0.0028169014084507044;0.82;1.459180537772087;0.0;0
9;125;https://en.wikipedia.org/wiki/List_of_data_structures;doubly_linked_list;1.0;0.0028169014084507044;0.82;1.8228169014084505;0.0;0
9;126;https://en.wikipedia.org/wiki/List_of_data_structures;array_list;0.6363636363636364;0.0028169014084507044;0.82;1.459180537772087;0.0;0
9;128;https://en.wikipedia.org/wiki/List_of_data_structures;self-organizing_list;0.6363636363636364;0.0028169014084507044;0.82;1.459180537772087;0.0;0
9;129;https://en.wikipedia.org/wiki/List_of_data_structures;skip_list;0.6363636363636364;0.005633802816901409;0.82;1.4619974391805377;0.0;0
9;130;https://en.wikipedia.org/wiki/List_of_data_structures;unrolled_linked_list;1.0;0.005633802816901409;0.82;1.8256338028169012;0.0;0
9;131;https://en.wikipedia.org/wiki/List_of_data_structures;clist;0.2727272727272727;0.0;0.82;1.0927272727272728;0.0;0
9;133;https://en.wikipedia.org/wiki/List_of_data_structures;xor_linked_list;1.0;0.005633802816901409;0.82;1.8256338028169012;0.0;0
9;134;https://en.wikipedia.org/wiki/List_of_data_structures;cipher;0.2727272727272727;0.0;0.82;1.0927272727272728;0.0;0
9;136;https://en.wikipedia.org/wiki/List_of_data_structures;difference_list;0.6363636363636364;0.0028169014084507044;0.82;1.459180537772087;0.0;0
9;137;https://en.wikipedia.org/wiki/List_of_data_structures;free_list;0.6363636363636364;0.0028169014084507044;0.82;1.459180537772087;0.0;0
9;138;https://en.wikipedia.org/wiki/List_of_data_structures;aa_tree;0.6363636363636364;0.005633802816901409;0.82;1.4619974391805377;0.0;0
9;139;https://en.wikipedia.org/wiki/List_of_data_structures;avl_tree;0.6363636363636364;0.005633802816901409;0.82;1.4619974391805377;0.0;0
9;140;https://en.wikipedia.org/wiki/List_of_data_structures;binary_search_tree;1.0;0.0028169014084507044;0.82;1.8228169014084505;0.0;0
9;141;https://en.wikipedia.org/wiki/List_of_data_structures;binary_tree;0.6363636363636364;0.0028169014084507044;0.82;1.459180537772087;0.0;0
9;142;https://en.wikipedia.org/wiki/List_of_data_structures;cartesian_tree;0.6363636363636364;0.0028169014084507044;0.82;1.459180537772087;0.0;0
9;144;https://en.wikipedia.org/wiki/List_of_data_structures;order_statistic_tree;1.0;0.0028169014084507044;0.82;1.8228169014084505;0.0;0
9;145;https://en.wikipedia.org/wiki/List_of_data_structures;agda;0.2727272727272727;0.0028169014084507044;0.82;1.0955441741357235;0.0;0
9;148;https://en.wikipedia.org/wiki/List_of_data_structures;rope;0.2727272727272727;0.0028169014084507044;0.82;1.0955441741357235;0.0;0
9;149;https://en.wikipedia.org/wiki/List_of_data_structures;scapegoat_tree;0.6363636363636364;0.0028169014084507044;0.82;1.459180537772087;0.0;0
9;151;https://en.wikipedia.org/wiki/List_of_data_structures;splay_tree;0.6363636363636364;0.005633802816901409;0.82;1.4619974391805377;0.0;0
9;152;https://en.wikipedia.org/wiki/List_of_data_structures;t-tree;0.2727272727272727;0.0028169014084507044;0.82;1.0955441741357235;0.0;0
9;153;https://en.wikipedia.org/wiki/List_of_data_structures;tango_tree;0.6363636363636364;0.0028169014084507044;0.82;1.459180537772087;0.0;0
9;154;https://en.wikipedia.org/wiki/List_of_data_structures;threaded_binary_tree;1.0;0.0028169014084507044;0.82;1.8228169014084505;0.0;0
9;155;https://en.wikipedia.org/wiki/List_of_data_structures;top_tree;0.6363636363636364;0.0028169014084507044;0.82;1.459180537772087;0.0;0
9;156;https://en.wikipedia.org/wiki/List_of_data_structures;treap;0.2727272727272727;0.0;0.82;1.0927272727272728;0.0;0
9;157;https://en.wikipedia.org/wiki/List_of_data_structures;wavl_tree;0.6363636363636364;0.0028169014084507044;0.82;1.459180537772087;0.0;0
9;158;https://en.wikipedia.org/wiki/List_of_data_structures;weight-balanced_tree;0.6363636363636364;0.0028169014084507044;0.82;1.459180537772087;0.0;0
9;159;https://en.wikipedia.org/wiki/List_of_data_structures;b+_tree;0.2727272727272727;0.005633802816901409;0.82;1.0983610755441742;0.0;0
9;161;https://en.wikipedia.org/wiki/List_of_data_structures;tree;0.2727272727272727;0.0;0.82;1.0927272727272728;0.0;0
9;163;https://en.wikipedia.org/wiki/List_of_data_structures;dancing_tree;0.6363636363636364;0.0028169014084507044;0.82;1.459180537772087;0.0;0
9;164;https://en.wikipedia.org/wiki/List_of_data_structures;2-3_tree;0.6363636363636364;0.0028169014084507044;0.82;1.459180537772087;0.0;0
9;165;https://en.wikipedia.org/wiki/List_of_data_structures;2-3-4_tree;0.6363636363636364;0.0028169014084507044;0.82;1.459180537772087;0.0;0
9;166;https://en.wikipedia.org/wiki/List_of_data_structures;queap;0.2727272727272727;0.0;0.82;1.0927272727272728;0.0;0
9;167;https://en.wikipedia.org/wiki/List_of_data_structures;fusion_tree;0.6363636363636364;0.005633802816901409;0.82;1.4619974391805377;0.0;0
9;168;https://en.wikipedia.org/wiki/List_of_data_structures;b+_tree;0.2727272727272727;0.0028169014084507044;0.82;1.0955441741357235;0.0;0
9;169;https://en.wikipedia.org/wiki/List_of_data_structures;clist;0.2727272727272727;0.0;0.82;1.0927272727272728;0.0;0
9;170;https://en.wikipedia.org/wiki/List_of_data_structures;beap;0.2727272727272727;0.0;0.82;1.0927272727272728;0.0;0
9;171;https://en.wikipedia.org/wiki/List_of_data_structures;binary_heap;0.6363636363636364;0.005633802816901409;0.82;1.4619974391805377;0.0;0
9;172;https://en.wikipedia.org/wiki/List_of_data_structures;weak_heap;0.6363636363636364;0.0028169014084507044;0.82;1.459180537772087;0.0;0
9;173;https://en.wikipedia.org/wiki/List_of_data_structures;binomial_heap;0.6363636363636364;0.005633802816901409;0.82;1.4619974391805377;0.0;0
9;175;https://en.wikipedia.org/wiki/List_of_data_structures;leonardo_heap;0.6363636363636364;0.0028169014084507044;0.82;1.459180537772087;0.0;0
9;176;https://en.wikipedia.org/wiki/List_of_data_structures;2-3_heap;0.6363636363636364;0.0028169014084507044;0.82;1.459180537772087;0.0;0
9;178;https://en.wikipedia.org/wiki/List_of_data_structures;pairing_heap;0.6363636363636364;0.0028169014084507044;0.82;1.459180537772087;0.0;0
9;179;https://en.wikipedia.org/wiki/List_of_data_structures;leftist_heap;0.6363636363636364;0.0028169014084507044;0.82;1.459180537772087;0.0;0
9;181;https://en.wikipedia.org/wiki/List_of_data_structures;beap;0.2727272727272727;0.0;0.82;1.0927272727272728;0.0;0
9;182;https://en.wikipedia.org/wiki/List_of_data_structures;skew_heap;0.6363636363636364;0.0028169014084507044;0.82;1.459180537772087;0.0;0
9;183;https://en.wikipedia.org/wiki/List_of_data_structures;ternary_heap;0.6363636363636364;0.0028169014084507044;0.82;1.459180537772087;0.0;0
9;184;https://en.wikipedia.org/wiki/List_of_data_structures;d-ary_heap;0.6363636363636364;0.0028169014084507044;0.82;1.459180537772087;0.0;0
9;185;https://en.wikipedia.org/wiki/List_of_data_structures;brodal_queue;0.6363636363636364;0.0028169014084507044;0.82;1.459180537772087;0.0;0
9;186;https://en.wikipedia.org/wiki/List_of_data_structures;af-heap;0.2727272727272727;0.0028169014084507044;0.82;1.0955441741357235;0.0;0
9;187;https://en.wikipedia.org/wiki/List_of_data_structures;ternary_tree;0.6363636363636364;0.0028169014084507044;0.82;1.459180537772087;0.0;0
9;188;https://en.wikipedia.org/wiki/List_of_data_structures;k-ary_tree;0.6363636363636364;0.0028169014084507044;0.82;1.459180537772087;0.0;0
9;191;https://en.wikipedia.org/wiki/List_of_data_structures;link/cut_tree;1.0;0.0028169014084507044;0.82;1.8228169014084505;0.0;0
9;192;https://en.wikipedia.org/wiki/List_of_data_structures;spqr-tree;0.2727272727272727;0.0028169014084507044;0.82;1.0955441741357235;0.0;0
9;193;https://en.wikipedia.org/wiki/List_of_data_structures;spaghetti_stack;0.6363636363636364;0.0028169014084507044;0.82;1.459180537772087;0.0;0
9;194;https://en.wikipedia.org/wiki/List_of_data_structures;disjoint-set_data_structure;1.0;0.0028169014084507044;0.82;1.8228169014084505;0.0;0
9;197;https://en.wikipedia.org/wiki/List_of_data_structures;exponential_tree;0.6363636363636364;0.0028169014084507044;0.82;1.459180537772087;0.0;0
9;198;https://en.wikipedia.org/wiki/List_of_data_structures;fenwick_tree;0.6363636363636364;0.0028169014084507044;0.82;1.459180537772087;0.0;0
9;200;https://en.wikipedia.org/wiki/List_of_data_structures;rose_tree;0.6363636363636364;0.0028169014084507044;0.82;1.459180537772087;0.0;0
9;201;https://en.wikipedia.org/wiki/List_of_data_structures;abstract_syntax_tree;1.0;0.0028169014084507044;0.82;1.8228169014084505;0.0;0
9;202;https://en.wikipedia.org/wiki/List_of_data_structures;parse_tree;0.6363636363636364;0.0028169014084507044;0.82;1.459180537772087;0.0;0
9;203;https://en.wikipedia.org/wiki/List_of_data_structures;decision_tree;0.6363636363636364;0.0028169014084507044;0.82;1.459180537772087;0.0;0
9;204;https://en.wikipedia.org/wiki/List_of_data_structures;alternating_decision_tree;1.0;0.0028169014084507044;0.82;1.8228169014084505;0.0;0
9;205;https://en.wikipedia.org/wiki/List_of_data_structures;minimax_tree;0.6363636363636364;0.0028169014084507044;0.82;1.459180537772087;0.0;0
9;206;https://en.wikipedia.org/wiki/List_of_data_structures;expectiminimax_tree;0.6363636363636364;0.0028169014084507044;0.82;1.459180537772087;0.0;0
9;207;https://en.wikipedia.org/wiki/List_of_data_structures;finger_tree;0.6363636363636364;0.0028169014084507044;0.82;1.459180537772087;0.0;0
9;208;https://en.wikipedia.org/wiki/List_of_data_structures;expression_tree;0.6363636363636364;0.0028169014084507044;0.82;1.459180537772087;0.0;0
9;209;https://en.wikipedia.org/wiki/List_of_data_structures;log-structured_merge-tree;0.6363636363636364;0.0028169014084507044;0.82;1.459180537772087;0.0;0
9;211;https://en.wikipedia.org/wiki/List_of_data_structures;bloom_filter;0.6363636363636364;0.0028169014084507044;0.82;1.459180537772087;0.0;0
9;212;https://en.wikipedia.org/wiki/List_of_data_structures;count-min_sketch;0.6363636363636364;0.0028169014084507044;0.82;1.459180537772087;0.0;0
9;213;https://en.wikipedia.org/wiki/List_of_data_structures;distributed_hash_table;1.0;0.0028169014084507044;0.82;1.8228169014084505;0.0;0
9;214;https://en.wikipedia.org/wiki/List_of_data_structures;double_hashing;0.6363636363636364;0.0028169014084507044;0.82;1.459180537772087;0.0;0
9;217;https://en.wikipedia.org/wiki/List_of_data_structures;hash_list;0.6363636363636364;0.0028169014084507044;0.82;1.459180537772087;0.0;0
9;218;https://en.wikipedia.org/wiki/List_of_data_structures;hash_table;0.6363636363636364;0.005633802816901409;0.82;1.4619974391805377;0.0;0
9;219;https://en.wikipedia.org/wiki/List_of_data_structures;hash_tree;0.6363636363636364;0.005633802816901409;0.82;1.4619974391805377;0.0;0
9;220;https://en.wikipedia.org/wiki/List_of_data_structures;hash_trie;0.6363636363636364;0.0028169014084507044;0.82;1.459180537772087;0.0;0
9;221;https://en.wikipedia.org/wiki/List_of_data_structures;koorde;0.2727272727272727;0.0;0.82;1.0927272727272728;0.0;0
9;222;https://en.wikipedia.org/wiki/List_of_data_structures;prefix_hash_tree;1.0;0.0028169014084507044;0.82;1.8228169014084505;0.0;0
9;223;https://en.wikipedia.org/wiki/List_of_data_structures;rolling_hash;0.6363636363636364;0.0028169014084507044;0.82;1.459180537772087;0.0;0
9;224;https://en.wikipedia.org/wiki/List_of_data_structures;minhash;0.2727272727272727;0.0;0.82;1.0927272727272728;0.0;0
9;225;https://en.wikipedia.org/wiki/List_of_data_structures;quotient_filter;0.6363636363636364;0.0028169014084507044;0.82;1.459180537772087;0.0;0
9;228;https://en.wikipedia.org/wiki/List_of_data_structures;adjacency_list;0.6363636363636364;0.0028169014084507044;0.82;1.459180537772087;0.0;0
9;229;https://en.wikipedia.org/wiki/List_of_data_structures;adjacency_matrix;0.6363636363636364;0.0028169014084507044;0.82;1.459180537772087;0.0;0
9;230;https://en.wikipedia.org/wiki/List_of_data_structures;graph-structured_stack;0.6363636363636364;0.0028169014084507044;0.82;1.459180537772087;0.0;0
9;231;https://en.wikipedia.org/wiki/List_of_data_structures;scene_graph;0.6363636363636364;0.0028169014084507044;0.82;1.459180537772087;0.0;0
9;232;https://en.wikipedia.org/wiki/List_of_data_structures;binary_decision_diagram;1.0;0.005633802816901409;0.82;1.8256338028169012;0.0;0
9;233;https://en.wikipedia.org/wiki/List_of_data_structures;zero-suppressed_decision_diagram;1.0;0.0028169014084507044;0.82;1.8228169014084505;0.0;0
9;234;https://en.wikipedia.org/wiki/List_of_data_structures;and-inverter_graph;0.6363636363636364;0.0028169014084507044;0.82;1.459180537772087;0.0;0
9;235;https://en.wikipedia.org/wiki/List_of_data_structures;directed_graph;0.6363636363636364;0.0028169014084507044;0.82;1.459180537772087;0.0;0
9;240;https://en.wikipedia.org/wiki/List_of_data_structures;heightmap;0.2727272727272727;0.0;0.82;1.0927272727272728;0.0;0
9;249;https://en.wikipedia.org/wiki/List_of_data_structures;collections;0.2727272727272727;0.0028169014084507044;0.82;1.0955441741357235;0.0;0
9;276;https://en.wikipedia.org/wiki/List_of_data_structures;r+_tree;0.6363636363636364;0.005633802816901409;0.82;1.4619974391805377;0.0;0
9;298;https://en.wikipedia.org/wiki/List_of_data_structures;tal;0.2727272727272727;0.005633802816901409;0.82;1.0983610755441742;0.0;0
9;301;https://en.wikipedia.org/wiki/List_of_data_structures;logo;0.2727272727272727;0.0;0.82;1.0927272727272728;0.0;0
9;302;https://en.wikipedia.org/wiki/List_of_data_structures;particles;0.2727272727272727;0.0028169014084507044;0.82;1.0955441741357235;0.0;0
9;304;https://en.wikipedia.org/wiki/List_of_data_structures;ead;0.2727272727272727;0.0028169014084507044;0.82;1.0955441741357235;0.0;0
9;305;https://en.wikipedia.org/wiki/List_of_data_structures;edit;0.2727272727272727;0.0028169014084507044;0.82;1.0955441741357235;0.0;0
9;308;https://en.wikipedia.org/wiki/List_of_data_structures;consent;0.2727272727272727;0.0028169014084507044;0.82;1.0955441741357235;0.0;0
9;312;https://en.wikipedia.org/wiki/List_of_data_structures;date;0.2727272727272727;0.0028169014084507044;0.82;1.0955441741357235;0.0;0
9;312;https://en.wikipedia.org/wiki/List_of_data_structures;wikipedia;0.2727272727272727;0.0;0.82;1.0927272727272728;0.0;0
9;317;https://en.wikipedia.org/wiki/List_of_data_structures;cent;0.2727272727272727;0.0028169014084507044;0.82;1.0955441741357235;0.0;0
9;319;https://en.wikipedia.org/wiki/List_of_data_structures;links;0.2727272727272727;0.0;0.82;1.0927272727272728;0.0;0
9;320;https://en.wikipedia.org/wiki/List_of_data_structures;related;0.2727272727272727;0.0028169014084507044;0.82;1.0955441741357235;0.0;0
9;322;https://en.wikipedia.org/wiki/List_of_data_structures;special_agent;0.6363636363636364;0.0028169014084507044;0.82;1.459180537772087;0.0;0
9;326;https://en.wikipedia.org/wiki/List_of_data_structures;citic;0.2727272727272727;0.0028169014084507044;0.82;1.0955441741357235;0.0;0
9;327;https://en.wikipedia.org/wiki/List_of_data_structures;books;0.2727272727272727;0.0028169014084507044;0.82;1.0955441741357235;0.0;0
9;328;https://en.wikipedia.org/wiki/List_of_data_structures;pdf;0.2727272727272727;0.0;0.82;1.0927272727272728;0.0;0
9;333;https://en.wikipedia.org/wiki/List_of_data_structures;agar;0.2727272727272727;0.0;0.82;1.0927272727272728;0.0;0
9;340;https://en.wikipedia.org/wiki/List_of_data_structures;edit;0.2727272727272727;0.0028169014084507044;0.82;1.0955441741357235;0.0;0
9;341;https://en.wikipedia.org/wiki/List_of_data_structures;ext;0.2727272727272727;0.0028169014084507044;0.82;1.0955441741357235;0.0;0
9;341;https://en.wikipedia.org/wiki/List_of_data_structures;scite;0.2727272727272727;0.0028169014084507044;0.82;1.0955441741357235;0.0;0
9;341;https://en.wikipedia.org/wiki/List_of_data_structures;nonprofit_organization;0.6363636363636364;0.0028169014084507044;0.82;1.459180537772087;0.0;0
9;341;https://en.wikipedia.org/wiki/List_of_data_structures;apple;0.2727272727272727;0.0028169014084507044;0.82;1.0955441741357235;0.0;0
9;341;https://en.wikipedia.org/wiki/List_of_data_structures;gree;0.2727272727272727;0.0028169014084507044;0.82;1.0955441741357235;0.0;0
9;346;https://en.wikipedia.org/wiki/List_of_data_structures;jdeveloper;0.2727272727272727;0.0028169014084507044;0.82;1.0955441741357235;0.0;0
9;348;https://en.wikipedia.org/wiki/List_of_data_structures;mobile_news;0.6363636363636364;0.0028169014084507044;0.82;1.459180537772087;0.0;0
9;368;http://searchsqlserver.techtarget.com/definition/data-structure;bonsho;0.2727272727272727;0.0;0.82;1.0927272727272728;0.0;0
9;368;http://searchsqlserver.techtarget.com/definition/data-structure;universality;0.2727272727272727;0.03125;0.82;1.1239772727272728;0.0;0
9;370;https://www.britannica.com/technology/data-structure;spore;0.2727272727272727;0.09523809523809523;0.82;1.187965367965368;0.0;0
9;371;https://www.britannica.com/technology/data-structure;scite;0.2727272727272727;0.047619047619047616;0.82;1.1403463203463202;0.0;0
9;373;https://www.britannica.com/technology/data-structure;definition;0.2727272727272727;0.047619047619047616;0.82;1.1403463203463202;0.0;0
9;373;https://www.britannica.com/technology/data-structure;structure;0.2727272727272727;0.047619047619047616;0.82;1.1403463203463202;0.0;0
9;373;https://www.britannica.com/technology/data-structure;words;0.2727272727272727;0.047619047619047616;0.82;1.1403463203463202;0.0;0
9;374;https://www.britannica.com/technology/data-structure;devices;0.2727272727272727;0.047619047619047616;0.82;1.1403463203463202;0.0;0
9;374;https://www.britannica.com/technology/data-structure;and;0.2727272727272727;0.047619047619047616;0.82;1.1403463203463202;0.0;0
