0;55;https://www.lucidchart.com/pages/database-diagram/database-models;kinds;0.25000000000000006;0.0;1.0;1.25;0.0;0
0;56;https://www.lucidchart.com/pages/database-diagram/database-models;include;0.25000000000000006;0.13333333333333333;1.0;1.3833333333333333;0.0;0
0;56;https://www.lucidchart.com/pages/database-diagram/database-models;common;0.25000000000000006;0.13333333333333333;1.0;1.3833333333333333;0.0;0
0;60;https://www.lucidchart.com/pages/database-diagram/database-models;object_oriented_database_model;1.0;0.13333333333333333;1.0;2.1333333333333333;0.0;0
0;63;https://www.lucidchart.com/pages/database-diagram/database-models;entity_attribute_value_model;0.6250000000000001;0.13333333333333333;1.0;1.7583333333333333;0.0;0
0;65;https://www.lucidchart.com/pages/database-diagram/database-models;combines;0.25000000000000006;0.13333333333333333;1.0;1.3833333333333333;0.7071067811865475;0
0;65;https://www.lucidchart.com/pages/database-diagram/database-models;make;0.25000000000000006;0.13333333333333333;1.0;1.3833333333333333;0.7071067811865475;0
0;65;https://www.lucidchart.com/pages/database-diagram/database-models;object_relational_model;0.6250000000000001;0.13333333333333333;1.0;1.7583333333333333;0.7071067811865475;0
0;71;http://www.studytonight.com/dbms/database-model;database_model_defines;1.0;0.14285714285714285;1.0;2.142857142857143;1.0;0
0;71;http://www.studytonight.com/dbms/database-model;logical_design;0.6250000000000001;0.14285714285714285;1.0;1.767857142857143;1.0;0
0;72;http://www.studytonight.com/dbms/database-model;model_describes;0.6250000000000001;0.14285714285714285;1.0;1.767857142857143;0.0;0
0;73;http://www.studytonight.com/dbms/database-model;database_design;0.6250000000000001;0.14285714285714285;1.0;1.767857142857143;1.0;0
0;73;http://www.studytonight.com/dbms/database-model;historically;0.25000000000000006;0.0;1.0;1.25;1.0;0
0;73;http://www.studytonight.com/dbms/database-model;commonly;0.25000000000000006;0.14285714285714285;1.0;1.3928571428571428;1.0;0
0;74;http://www.studytonight.com/dbms/database-model;hierarchical_model;0.6250000000000001;0.14285714285714285;1.0;1.767857142857143;0.0;0
0;78;http://www.gitta.info/DBSysConcept/en/html/DataModSchem_learningObject1.html;based;0.25000000000000006;0.1;1.0;1.35;1.0;0
0;78;http://www.gitta.info/DBSysConcept/en/html/DataModSchem_learningObject1.html;database_systems;0.6250000000000001;0.1;1.0;1.725;1.0;0
0;79;http://www.gitta.info/DBSysConcept/en/html/DataModSchem_learningObject1.html;rules;0.25000000000000006;0.1;1.0;1.35;1.0;0
0;80;http://www.gitta.info/DBSysConcept/en/html/DataModSchem_learningObject1.html;database_means;0.6250000000000001;0.1;1.0;1.725;0.0;0
0;80;http://www.gitta.info/DBSysConcept/en/html/DataModSchem_learningObject1.html;storage;0.25000000000000006;0.1;1.0;1.35;0.0;0
0;105;https://www.tutorialspoint.com/dbms/dbms_data_models.htm;data_models_define;1.0;0.07547169811320754;1.0;2.0754716981132075;0.0;0
0;105;https://www.tutorialspoint.com/dbms/dbms_data_models.htm;modeled;0.25000000000000006;0.03773584905660377;1.0;1.2877358490566038;0.0;0
0;105;https://www.tutorialspoint.com/dbms/dbms_data_models.htm;logical_structure;0.6250000000000001;0.03773584905660377;1.0;1.6627358490566038;0.0;0
0;106;https://www.tutorialspoint.com/dbms/dbms_data_models.htm;fundamental_entities;0.6250000000000001;0.03773584905660377;1.0;1.6627358490566038;0.0;0
0;106;https://www.tutorialspoint.com/dbms/dbms_data_models.htm;introduce_abstraction;0.6250000000000001;0.03773584905660377;1.0;1.6627358490566038;0.0;0
0;107;https://www.tutorialspoint.com/dbms/dbms_data_models.htm;stored_inside;0.6250000000000001;0.03773584905660377;1.0;1.6627358490566038;1.0;0
0;107;https://www.tutorialspoint.com/dbms/dbms_data_models.htm;connected;0.25000000000000006;0.03773584905660377;1.0;1.2877358490566038;1.0;0
0;107;https://www.tutorialspoint.com/dbms/dbms_data_models.htm;processed;0.25000000000000006;0.03773584905660377;1.0;1.2877358490566038;1.0;0
0;108;https://www.tutorialspoint.com/dbms/dbms_data_models.htm;properties_called_attributes;1.0;0.07547169811320754;1.0;2.0754716981132075;1.0;0
0;109;https://www.tutorialspoint.com/dbms/dbms_data_models.htm;defined;0.25000000000000006;0.07547169811320754;1.0;1.3254716981132075;0.0;0
0;109;https://www.tutorialspoint.com/dbms/dbms_data_models.htm;attribute;0.25000000000000006;0.07547169811320754;1.0;1.3254716981132075;0.0;0
0;109;https://www.tutorialspoint.com/dbms/dbms_data_models.htm;values_called_domain;1.0;0.07547169811320754;1.0;2.0754716981132075;0.0;0
0;110;https://www.tutorialspoint.com/dbms/dbms_data_models.htm;considered;0.25000000000000006;0.07547169811320754;1.0;1.3254716981132075;1.0;0
0;110;https://www.tutorialspoint.com/dbms/dbms_data_models.htm;school_database;0.6250000000000001;0.07547169811320754;1.0;1.7004716981132075;1.0;0
0;111;https://www.tutorialspoint.com/dbms/dbms_data_models.htm;class;0.25000000000000006;0.07547169811320754;1.0;1.3254716981132075;0.0;0
0;112;https://www.tutorialspoint.com/dbms/dbms_data_models.htm;student;0.43750000000000006;0.11320754716981132;1.0;1.5507075471698113;1.0;0
0;112;https://www.tutorialspoint.com/dbms/dbms_data_models.htm;real_world_entity;0.5312500000000001;0.07547169811320754;1.0;1.6067216981132075;1.0;0
0;112;https://www.tutorialspoint.com/dbms/dbms_data_models.htm;entity;0.43750000000000006;0.11320754716981132;1.0;1.5507075471698113;1.0;0
0;112;https://www.tutorialspoint.com/dbms/dbms_data_models.htm;entity__student;0.25000000000000006;0.03773584905660377;1.0;1.2877358490566038;1.0;0
0;112;https://www.tutorialspoint.com/dbms/dbms_data_models.htm;attributes;0.6250000000000001;0.07547169811320754;1.0;1.7004716981132075;1.0;0
0;113;https://www.tutorialspoint.com/dbms/dbms_data_models.htm;entities__mapping_cardinalities;0.5937500000003126;0.03773584905660377;1.0;1.6314858490569164;1.0;0
0;113;https://www.tutorialspoint.com/dbms/dbms_data_models.htm;called_relationship__relationships;0.6250000000000001;0.03773584905660377;1.0;1.6627358490566038;1.0;0
0;113;https://www.tutorialspoint.com/dbms/dbms_data_models.htm;logical_association;0.5312500000000001;0.03773584905660377;1.0;1.5689858490566038;1.0;0
0;113;https://www.tutorialspoint.com/dbms/dbms_data_models.htm;mapped;0.25000000000000006;0.03773584905660377;1.0;1.2877358490566038;1.0;0
0;113;https://www.tutorialspoint.com/dbms/dbms_data_models.htm;association;0.43750000000000006;0.0;1.0;1.4375;1.0;0
0;117;http://ecomputernotes.com/fundamental/what-is-a-database/database-model;shipments;0.25000000000000006;0.15384615384615385;1.0;1.403846153846154;1.0;0
0;117;http://ecomputernotes.com/fundamental/what-is-a-database/database-model;sample_database_consisting;1.0;0.15384615384615385;1.0;2.1538461538461537;1.0;0
0;117;http://ecomputernotes.com/fundamental/what-is-a-database/database-model;hierarchical_data_model;1.0;0.15384615384615385;1.0;2.1538461538461537;1.0;0
0;117;http://ecomputernotes.com/fundamental/what-is-a-database/database-model;understand;0.25000000000000006;0.15384615384615385;1.0;1.403846153846154;1.0;0
0;117;http://ecomputernotes.com/fundamental/what-is-a-database/database-model;supplier;0.25000000000000006;0.3076923076923077;1.0;1.5576923076923077;1.0;0
0;117;http://ecomputernotes.com/fundamental/what-is-a-database/database-model;order;0.25000000000000006;0.15384615384615385;1.0;1.403846153846154;1.0;0
0;118;http://ecomputernotes.com/fundamental/what-is-a-database/database-model;record_structure;0.6250000000000001;0.15384615384615385;1.0;1.778846153846154;0.0;0
0;118;http://ecomputernotes.com/fundamental/what-is-a-database/database-model;shipments_elements;0.6250000000000001;0.15384615384615385;1.0;1.778846153846154;0.0;0
0;118;http://ecomputernotes.com/fundamental/what-is-a-database/database-model;sample_records;0.6250000000000001;0.15384615384615385;1.0;1.778846153846154;0.0;0
1;9;https://www.lucidchart.com/pages/database-diagram/database-models;nosql_database_models;1.0;0.05263157894736842;1.0;2.052631578947368;0.0;0
1;16;https://www.lucidchart.com/pages/database-diagram/database-models;database_model_shows;0.8749999999999999;0.05263157894736842;1.0;1.9276315789473684;0.0;0
1;16;https://www.lucidchart.com/pages/database-diagram/database-models;including;0.25000000000000006;0.05263157894736842;1.0;1.3026315789473686;0.0;0
1;16;https://www.lucidchart.com/pages/database-diagram/database-models;determine;0.25000000000000006;0.05263157894736842;1.0;1.3026315789473686;0.0;0
1;16;https://www.lucidchart.com/pages/database-diagram/database-models;accessed;0.25000000000000006;0.05263157894736842;1.0;1.3026315789473686;0.0;0
1;17;https://www.lucidchart.com/pages/database-diagram/database-models;individual_database_models;1.0;0.05263157894736842;1.0;2.052631578947368;0.0;0
1;17;https://www.lucidchart.com/pages/database-diagram/database-models;designed_based;0.6250000000000001;0.05263157894736842;1.0;1.6776315789473686;0.0;0
1;17;https://www.lucidchart.com/pages/database-diagram/database-models;designers_adopt;0.6250000000000001;0.05263157894736842;1.0;1.6776315789473686;0.0;0
1;18;https://www.lucidchart.com/pages/database-diagram/database-models;represented;0.25000000000000006;0.0;1.0;1.25;1.0;0
1;18;https://www.lucidchart.com/pages/database-diagram/database-models;accompanying_database_diagram;1.0;0.05263157894736842;1.0;2.052631578947368;1.0;0
1;24;https://www.lucidchart.com/pages/database-diagram/database-models;relationships;0.43750000000000006;0.0;1.0;1.4375;0.7071067811865475;0
1;24;https://www.lucidchart.com/pages/database-diagram/database-models;one_to_many;0.25000000000000006;0.05263157894736842;1.0;1.3026315789473686;0.7071067811865475;0
1;24;https://www.lucidchart.com/pages/database-diagram/database-models;accounts;0.25000000000000006;0.05263157894736842;1.0;1.3026315789473686;0.7071067811865475;0
1;24;https://www.lucidchart.com/pages/database-diagram/database-models;many_to_many_relationships;0.5312500000000001;0.05263157894736842;1.0;1.5838815789473686;0.7071067811865475;0
1;24;https://www.lucidchart.com/pages/database-diagram/database-models;including_one_to_one;0.6250000000000001;0.05263157894736842;1.0;1.6776315789473686;0.7071067811865475;0
1;31;http://www.agiledata.org/essays/dataModeling101.html;alternatives;0.25000000000000006;0.0;1.0;1.25;0.0;0
1;31;http://www.agiledata.org/essays/dataModeling101.html;data_oriented_artifacts;0.6250000000000001;0.08333333333333333;1.0;1.7083333333333335;0.0;0
1;32;http://www.agiledata.org/essays/dataModeling101.html;ldms;0.25000000000000006;0.0;1.0;1.25;0.0;0
1;32;http://www.agiledata.org/essays/dataModeling101.html;people;0.25000000000000006;0.08333333333333333;1.0;1.3333333333333335;0.0;0
1;32;http://www.agiledata.org/essays/dataModeling101.html;option;0.25000000000000006;0.08333333333333333;1.0;1.3333333333333335;0.0;0
1;33;http://www.agiledata.org/essays/dataModeling101.html;superior;0.25000000000000006;0.08333333333333333;1.0;1.3333333333333335;0.0;0
1;33;http://www.agiledata.org/essays/dataModeling101.html;orm_diagrams;0.6250000000000001;0.08333333333333333;1.0;1.7083333333333335;0.0;0
1;33;http://www.agiledata.org/essays/dataModeling101.html;crc_cards;0.6250000000000001;0.16666666666666666;1.0;1.7916666666666667;0.0;0
1;33;http://www.agiledata.org/essays/dataModeling101.html;easy;0.25000000000000006;0.08333333333333333;1.0;1.3333333333333335;0.0;0
1;34;http://www.agiledata.org/essays/dataModeling101.html;traditional;0.25000000000000006;0.0;1.0;1.25;0.7071067811865475;0
1;34;http://www.agiledata.org/essays/dataModeling101.html;analyst_led_drawing_session;1.0;0.08333333333333333;1.0;2.083333333333333;0.7071067811865475;0
1;34;http://www.agiledata.org/essays/dataModeling101.html;facilitate_stakeholders;0.6250000000000001;0.08333333333333333;1.0;1.7083333333333335;0.7071067811865475;0
1;36;https://www.edrawsoft.com/how-to-draw-database-model-diagram.php;showing;0.25000000000000006;0.3333333333333333;1.0;1.5833333333333335;0.0;0
1;36;https://www.edrawsoft.com/how-to-draw-database-model-diagram.php;typical_online;0.6250000000000001;0.3333333333333333;1.0;1.9583333333333335;0.0;0
1;37;https://www.edrawsoft.com/how-to-draw-database-model-diagram.php;parent_child_relationships;0.6250000000000001;0.3333333333333333;1.0;1.9583333333333335;0.0;0
1;38;https://www.edrawsoft.com/how-to-draw-database-model-diagram.php;fully_understand;0.6250000000000001;0.3333333333333333;1.0;1.9583333333333335;0.7071067811865475;0
1;39;https://en.wikipedia.org/wiki/Data_model;document_entities;0.6250000000000001;0.13333333333333333;1.0;1.7583333333333333;1.0;0
1;39;https://en.wikipedia.org/wiki/Data_model;bind;0.25000000000000006;0.13333333333333333;1.0;1.3833333333333333;1.0;0
1;39;https://en.wikipedia.org/wiki/Data_model;providing_graphical_notations;1.0;0.13333333333333333;1.0;2.1333333333333333;1.0;0
1;40;https://en.wikipedia.org/wiki/Data_model;representing_relationships;0.6250000000000001;0.13333333333333333;1.0;1.7583333333333333;0.0;0
1;40;https://en.wikipedia.org/wiki/Data_model;dsds;0.25000000000000006;0.0;1.0;1.25;0.0;0
1;40;https://en.wikipedia.org/wiki/Data_model;boxes;0.25000000000000006;0.13333333333333333;1.0;1.3833333333333333;0.0;0
1;40;https://en.wikipedia.org/wiki/Data_model;basic_graphic_elements;1.0;0.13333333333333333;1.0;2.1333333333333333;0.0;0
1;40;https://en.wikipedia.org/wiki/Data_model;representing_entities;0.6250000000000001;0.13333333333333333;1.0;1.7583333333333333;0.0;0
1;46;https://en.wikipedia.org/wiki/Database_model;organized;0.25000000000000006;0.13333333333333333;1.0;1.3833333333333333;1.0;0
1;46;https://en.wikipedia.org/wiki/Database_model;fundamentally_determines;0.5312500000000001;0.13333333333333333;1.0;1.6645833333333333;1.0;0
1;46;https://en.wikipedia.org/wiki/Database_model;manipulated;0.25000000000000006;0.0;1.0;1.25;1.0;0
1;46;https://en.wikipedia.org/wiki/Database_model;manner_data;0.6250000000000001;0.13333333333333333;1.0;1.7583333333333333;1.0;0
1;47;https://en.wikipedia.org/wiki/Database_model;popular;0.25000000000000006;0.13333333333333333;1.0;1.3833333333333333;1.0;0
1;47;https://en.wikipedia.org/wiki/Database_model;table_based_format;0.6250000000000001;0.13333333333333333;1.0;1.7583333333333333;1.0;0
1;50;https://learndatamodeling.com/blog/conceptual-data-modeling-tutorial/;detailed_level;0.6250000000000001;0.3333333333333333;1.0;1.9583333333333335;1.0;0
1;50;https://learndatamodeling.com/blog/conceptual-data-modeling-tutorial/;major_entities;0.6250000000000001;0.3333333333333333;1.0;1.9583333333333335;1.0;0
1;50;https://learndatamodeling.com/blog/conceptual-data-modeling-tutorial/;initial_planning_phase;1.0;0.3333333333333333;1.0;2.333333333333333;1.0;0
2;1;https://en.wikipedia.org/wiki/Database_model;databases_include;0.6250000000000001;0.4;0.8181818181818182;1.8431818181818183;0.0;1
2;7;https://en.wikipedia.org/wiki/Database_model;document_model;0.6250000000000001;0.4;0.36363636363636365;1.3886363636363637;0.0;1
2;8;https://en.wikipedia.org/wiki/Database_model;entity_attribute;0.6250000000000001;0.4;0.8181818181818182;1.8431818181818183;0.0;1
2;9;https://en.wikipedia.org/wiki/Database_model;star_schema;0.6250000000000001;0.4;0.36363636363636365;1.3886363636363637;0.0;1
2;13;https://en.wikipedia.org/wiki/Database_model;enhanced;0.25000000000000006;0.4;0.8181818181818182;1.4681818181818183;0.0;1
2;28;http://www.tomjewett.com/dbdesign/dbdesign.php%3Fpage%3Dmodels.html;real_world;0.6250000000000001;0.2;0.8181818181818182;1.6431818181818185;0.0;0
2;29;http://www.tomjewett.com/dbdesign/dbdesign.php%3Fpage%3Dmodels.html;selected_information_needed;1.0;0.1;0.8181818181818182;1.9181818181818184;1.0;0
2;30;http://www.tomjewett.com/dbdesign/dbdesign.php%3Fpage%3Dmodels.html;formally;0.25000000000000006;0.1;0.8181818181818182;1.1681818181818184;0.0;0
2;30;http://www.tomjewett.com/dbdesign/dbdesign.php%3Fpage%3Dmodels.html;intuitive;0.25000000000000006;0.1;0.8181818181818182;1.1681818181818184;0.0;0
2;30;http://www.tomjewett.com/dbdesign/dbdesign.php%3Fpage%3Dmodels.html;informal;0.25000000000000006;0.1;0.8181818181818182;1.1681818181818184;0.0;0
2;30;http://www.tomjewett.com/dbdesign/dbdesign.php%3Fpage%3Dmodels.html;mathematically_defined;0.6250000000000001;0.1;0.8181818181818182;1.5431818181818184;0.0;0
2;31;http://www.tomjewett.com/dbdesign/dbdesign.php%3Fpage%3Dmodels.html;tutorial;0.25000000000000006;0.1;0.8181818181818182;1.1681818181818184;0.0;0
3;1;https://en.wikipedia.org/wiki/Relational_model;idealized;0.25000000000000006;0.18181818181818182;0.8181818181818182;1.25;0.0;0
3;1;https://en.wikipedia.org/wiki/Relational_model;relvars;0.25000000000000006;0.0;0.8181818181818182;1.0681818181818183;0.0;0
3;2;https://en.wikipedia.org/wiki/Relational_model;customer;0.25000000000000006;0.18181818181818182;0.13636363636363635;0.5681818181818182;0.0;0
3;4;https://en.wikipedia.org/wiki/Relational_model;order_line;0.6250000000000001;0.18181818181818182;0.8181818181818182;1.625;0.0;0
3;5;https://en.wikipedia.org/wiki/Relational_model;invoice;0.25000000000000006;0.18181818181818182;0.8181818181818182;1.25;0.0;0
3;6;https://en.wikipedia.org/wiki/Relational_model;invoice_line;0.6250000000000001;0.18181818181818182;0.8181818181818182;1.625;0.0;0
3;16;http://searchsqlserver.techtarget.com/definition/relational-database;database_tables;0.6250000000000001;0.03333333333333333;0.8181818181818182;1.4765151515151516;1.0;0
3;16;http://searchsqlserver.techtarget.com/definition/relational-database;ways;0.25000000000000006;0.03333333333333333;0.8181818181818182;1.1015151515151516;1.0;0
3;16;http://searchsqlserver.techtarget.com/definition/relational-database;reassembled;0.25000000000000006;0.0;0.8181818181818182;1.0681818181818183;1.0;0
3;16;http://searchsqlserver.techtarget.com/definition/relational-database;data_items_organized;0.8749999999999999;0.03333333333333333;0.8181818181818182;1.7265151515151516;1.0;0
3;16;http://searchsqlserver.techtarget.com/definition/relational-database;formally_described_tables;0.6250000000000001;0.03333333333333333;0.8181818181818182;1.4765151515151516;1.0;0
3;16;http://searchsqlserver.techtarget.com/definition/relational-database;reorganize;0.25000000000000006;0.03333333333333333;0.8181818181818182;1.1015151515151516;1.0;0
3;17;http://searchsqlserver.techtarget.com/definition/relational-database;invented;0.25000000000000006;0.03333333333333333;0.8181818181818182;1.1015151515151516;0.7071067811865475;0
3;19;http://searchsqlserver.techtarget.com/definition/relational-database;codd;0.25000000000000006;0.0;0.8181818181818182;1.0681818181818183;0.0;0
3;28;http://searchsqlserver.techtarget.com/definition/relational-database;data_fitted;0.6250000000000001;0.03333333333333333;0.8181818181818182;1.4765151515151516;0.0;0
3;28;http://searchsqlserver.techtarget.com/definition/relational-database;predefined_categories;0.6250000000000001;0.03333333333333333;0.8181818181818182;1.4765151515151516;0.0;0
3;29;http://searchsqlserver.techtarget.com/definition/relational-database;data_categories;0.6250000000000001;0.03333333333333333;0.8181818181818182;1.4765151515151516;1.0;0
3;30;http://searchsqlserver.techtarget.com/definition/relational-database;unique_instance;0.6250000000000001;0.03333333333333333;0.8181818181818182;1.4765151515151516;1.0;0
3;30;http://searchsqlserver.techtarget.com/definition/relational-database;categories_defined;0.6250000000000001;0.03333333333333333;0.8181818181818182;1.4765151515151516;1.0;0
3;30;http://searchsqlserver.techtarget.com/definition/relational-database;row;0.25000000000000006;0.03333333333333333;0.8181818181818182;1.1015151515151516;1.0;0
3;31;http://searchsqlserver.techtarget.com/definition/relational-database;phone_number;0.6250000000000001;0.03333333333333333;0.8181818181818182;1.4765151515151516;0.0;0
3;31;http://searchsqlserver.techtarget.com/definition/relational-database;address;0.25000000000000006;0.03333333333333333;0.8181818181818182;1.1015151515151516;0.0;0
3;32;http://searchsqlserver.techtarget.com/definition/relational-database;describe;0.25000000000000006;0.03333333333333333;0.8181818181818182;1.1015151515151516;0.0;0
3;33;http://searchsqlserver.techtarget.com/definition/relational-database;sales_price;0.6250000000000001;0.03333333333333333;0.8181818181818182;1.4765151515151516;0.0;0
3;34;http://searchsqlserver.techtarget.com/definition/relational-database;view;0.25000000000000006;0.06666666666666667;0.8181818181818182;1.134848484848485;0.0;0
3;34;http://searchsqlserver.techtarget.com/definition/relational-database;obtain;0.25000000000000006;0.06666666666666667;0.8181818181818182;1.134848484848485;0.0;0
3;34;http://searchsqlserver.techtarget.com/definition/relational-database;user;0.25000000000000006;0.03333333333333333;0.8181818181818182;1.1015151515151516;0.0;0
3;34;http://searchsqlserver.techtarget.com/definition/relational-database;fitted;0.25000000000000006;0.03333333333333333;0.8181818181818182;1.1015151515151516;0.0;0
3;35;http://searchsqlserver.techtarget.com/definition/relational-database;customers;0.25000000000000006;0.03333333333333333;0.8181818181818182;1.1015151515151516;0.0;0
3;35;http://searchsqlserver.techtarget.com/definition/relational-database;branch_office_manager;1.0;0.03333333333333333;0.8181818181818182;1.8515151515151516;0.0;0
3;35;http://searchsqlserver.techtarget.com/definition/relational-database;report;0.25000000000000006;0.06666666666666667;0.8181818181818182;1.134848484848485;0.0;0
3;35;http://searchsqlserver.techtarget.com/definition/relational-database;bought_products;0.6250000000000001;0.03333333333333333;0.8181818181818182;1.4765151515151516;0.0;0
3;36;http://searchsqlserver.techtarget.com/definition/relational-database;needed;0.25000000000000006;0.03333333333333333;0.8181818181818182;1.1015151515151516;0.0;0
3;36;http://searchsqlserver.techtarget.com/definition/relational-database;company;0.25000000000000006;0.03333333333333333;0.8181818181818182;1.1015151515151516;0.0;0
3;36;http://searchsqlserver.techtarget.com/definition/relational-database;paid;0.25000000000000006;0.03333333333333333;0.8181818181818182;1.1015151515151516;0.0;0
3;36;http://searchsqlserver.techtarget.com/definition/relational-database;financial_services_manager;1.0;0.03333333333333333;0.8181818181818182;1.8515151515151516;0.0;0
3;45;https://opentextbc.ca/dbdesign/chapter/chapter-7-the-relational-data-model/;inter_related_relations;0.6250000000000001;0.07692307692307693;0.8181818181818182;1.5201048951048954;0.0;0
3;47;https://opentextbc.ca/dbdesign/chapter/chapter-7-the-relational-data-model/;called_columns;0.6250000000000001;0.07692307692307693;0.8181818181818182;1.5201048951048954;0.0;0
3;47;https://opentextbc.ca/dbdesign/chapter/chapter-7-the-relational-data-model/;principal_storage_units;1.0;0.07692307692307693;0.8181818181818182;1.895104895104895;0.0;0
3;48;https://opentextbc.ca/dbdesign/chapter/chapter-7-the-relational-data-model/;house;0.25000000000000006;0.0;0.8181818181818182;1.0681818181818183;0.0;0
3;48;https://opentextbc.ca/dbdesign/chapter/chapter-7-the-relational-data-model/;basic_components;0.6250000000000001;0.07692307692307693;0.8181818181818182;1.5201048951048954;0.0;0
3;48;https://opentextbc.ca/dbdesign/chapter/chapter-7-the-relational-data-model/;broken;0.25000000000000006;0.07692307692307693;0.8181818181818182;1.1451048951048952;0.0;0
3;49;https://opentextbc.ca/dbdesign/chapter/chapter-7-the-relational-data-model/;deciding;0.25000000000000006;0.07692307692307693;0.8181818181818182;1.1451048951048952;0.0;0
3;49;https://opentextbc.ca/dbdesign/chapter/chapter-7-the-relational-data-model/;generically;0.25000000000000006;0.0;0.8181818181818182;1.0681818181818183;0.0;0
3;50;https://opentextbc.ca/dbdesign/chapter/chapter-7-the-relational-data-model/;avoiding;0.25000000000000006;0.07692307692307693;0.8181818181818182;1.1451048951048952;1.0;0
3;50;https://opentextbc.ca/dbdesign/chapter/chapter-7-the-relational-data-model/;item;0.25000000000000006;0.07692307692307693;0.8181818181818182;1.1451048951048952;1.0;0
3;50;https://opentextbc.ca/dbdesign/chapter/chapter-7-the-relational-data-model/;specifics;0.25000000000000006;0.07692307692307693;0.8181818181818182;1.1451048951048952;1.0;0
3;50;https://opentextbc.ca/dbdesign/chapter/chapter-7-the-relational-data-model/;common_components;0.6250000000000001;0.07692307692307693;0.8181818181818182;1.5201048951048954;1.0;0
3;50;https://opentextbc.ca/dbdesign/chapter/chapter-7-the-relational-data-model/;distinguish;0.25000000000000006;0.0;0.8181818181818182;1.0681818181818183;1.0;0
3;50;https://opentextbc.ca/dbdesign/chapter/chapter-7-the-relational-data-model/;drawing;0.25000000000000006;0.07692307692307693;0.8181818181818182;1.1451048951048952;1.0;0
3;50;https://opentextbc.ca/dbdesign/chapter/chapter-7-the-relational-data-model/;store;0.25000000000000006;0.07692307692307693;0.8181818181818182;1.1451048951048952;1.0;0
3;52;http://databasemanagement.wikia.com/wiki/Relational_Database_Model;common_model;0.7187500000000001;0.017857142857142856;0.8181818181818182;1.5547889610389611;1.0;0
3;52;http://databasemanagement.wikia.com/wiki/Relational_Database_Model;industry_today;0.6250000000000001;0.017857142857142856;0.8181818181818182;1.4610389610389611;1.0;0
3;53;http://databasemanagement.wikia.com/wiki/Relational_Database_Model;relational_model_developed;0.9375;0.017857142857142856;0.8181818181818182;1.7735389610389611;1.0;0
3;56;http://databasemanagement.wikia.com/wiki/Relational_Database_Model;integrity_constraints;0.6250000000000001;0.017857142857142856;0.8181818181818182;1.4610389610389611;0.0;0
3;56;http://databasemanagement.wikia.com/wiki/Relational_Database_Model;retrieval_operations;0.6250000000000001;0.017857142857142856;0.8181818181818182;1.4610389610389611;0.0;0
3;57;http://databasemanagement.wikia.com/wiki/Relational_Database_Model;relations;0.25000000000000006;0.017857142857142856;0.8181818181818182;1.0860389610389611;1.0;0
3;58;http://databasemanagement.wikia.com/wiki/Relational_Database_Model;fields;0.25000000000000006;0.07142857142857142;0.21212121212121213;0.5335497835497837;1.0;0
3;58;http://databasemanagement.wikia.com/wiki/Relational_Database_Model;records;0.25000000000000006;0.017857142857142856;0.8181818181818182;1.0860389610389611;1.0;0
3;59;http://databasemanagement.wikia.com/wiki/Relational_Database_Model;contents;0.25000000000000006;0.017857142857142856;0.8181818181818182;1.0860389610389611;0.7071067811865475;0
3;59;http://databasemanagement.wikia.com/wiki/Relational_Database_Model;permanently_saved;0.6250000000000001;0.017857142857142856;0.8181818181818182;1.4610389610389611;0.7071067811865475;0
3;74;http://databasemanagement.wikia.com/wiki/Relational_Database_Model;searches;0.25000000000000006;0.017857142857142856;0.8181818181818182;1.0860389610389611;1.0;0
3;74;http://databasemanagement.wikia.com/wiki/Relational_Database_Model;specific_values;0.6250000000000001;0.017857142857142856;0.8181818181818182;1.4610389610389611;1.0;0
3;74;http://databasemanagement.wikia.com/wiki/Relational_Database_Model;means;0.25000000000000006;0.05357142857142857;0.8181818181818182;1.1217532467532467;1.0;0
3;74;http://databasemanagement.wikia.com/wiki/Relational_Database_Model;keys;0.25000000000000006;0.0;0.8181818181818182;1.0681818181818183;1.0;0
3;74;http://databasemanagement.wikia.com/wiki/Relational_Database_Model;designated;0.25000000000000006;0.017857142857142856;0.8181818181818182;1.0860389610389611;1.0;0
3;74;http://databasemanagement.wikia.com/wiki/Relational_Database_Model;field;0.25000000000000006;0.017857142857142856;0.8181818181818182;1.0860389610389611;1.0;0
3;74;http://databasemanagement.wikia.com/wiki/Relational_Database_Model;uniquely_identify;0.6250000000000001;0.017857142857142856;0.8181818181818182;1.4610389610389611;1.0;0
3;74;http://databasemanagement.wikia.com/wiki/Relational_Database_Model;importantly;0.25000000000000006;0.0;0.8181818181818182;1.0681818181818183;1.0;0
3;74;http://databasemanagement.wikia.com/wiki/Relational_Database_Model;speed;0.25000000000000006;0.017857142857142856;0.8181818181818182;1.0860389610389611;1.0;0
3;74;http://databasemanagement.wikia.com/wiki/Relational_Database_Model;indexing;0.25000000000000006;0.017857142857142856;0.8181818181818182;1.0860389610389611;1.0;0
3;75;http://databasemanagement.wikia.com/wiki/Relational_Database_Model;primary_key;0.6250000000000001;0.07142857142857142;0.8181818181818182;1.5146103896103897;0.0;0
3;75;http://databasemanagement.wikia.com/wiki/Relational_Database_Model;possibly;0.25000000000000006;0.017857142857142856;0.8181818181818182;1.0860389610389611;0.0;0
3;75;http://databasemanagement.wikia.com/wiki/Relational_Database_Model;important;0.25000000000000006;0.017857142857142856;0.8181818181818182;1.0860389610389611;0.0;0
3;76;http://databasemanagement.wikia.com/wiki/Relational_Database_Model;uniquely_identifies;0.6250000000000001;0.017857142857142856;0.8181818181818182;1.4610389610389611;0.0;0
3;77;http://databasemanagement.wikia.com/wiki/Relational_Database_Model;sits;0.25000000000000006;0.017857142857142856;0.8181818181818182;1.0860389610389611;0.7071067811865475;0
3;78;http://databasemanagement.wikia.com/wiki/Relational_Database_Model;ultimately;0.25000000000000006;0.017857142857142856;0.8181818181818182;1.0860389610389611;0.0;0
3;78;http://databasemanagement.wikia.com/wiki/Relational_Database_Model;relational_database_model;1.0;0.07142857142857142;0.8181818181818182;1.8896103896103895;0.0;0
3;79;http://databasemanagement.wikia.com/wiki/Relational_Database_Model;link_data;0.6250000000000001;0.017857142857142856;0.8181818181818182;1.4610389610389611;0.0;0
3;79;http://databasemanagement.wikia.com/wiki/Relational_Database_Model;linkage;0.25000000000000006;0.0;0.8181818181818182;1.0681818181818183;0.0;0
3;79;http://databasemanagement.wikia.com/wiki/Relational_Database_Model;pull_data;0.6250000000000001;0.017857142857142856;0.8181818181818182;1.4610389610389611;0.0;0
3;80;http://databasemanagement.wikia.com/wiki/Relational_Database_Model;select_related_records;1.0;0.017857142857142856;0.8181818181818182;1.8360389610389611;0.0;0
3;80;http://databasemanagement.wikia.com/wiki/Relational_Database_Model;performed;0.25000000000000006;0.017857142857142856;0.8181818181818182;1.0860389610389611;0.0;0
3;80;http://databasemanagement.wikia.com/wiki/Relational_Database_Model;join_operation;0.6250000000000001;0.017857142857142856;0.8181818181818182;1.4610389610389611;0.0;0
3;80;http://databasemanagement.wikia.com/wiki/Relational_Database_Model;matching_values;0.5312500000000001;0.017857142857142856;0.8181818181818182;1.3672889610389611;0.0;0
3;82;http://databasemanagement.wikia.com/wiki/Relational_Database_Model;pairs;0.25000000000000006;0.017857142857142856;0.8181818181818182;1.0860389610389611;0.7071067811865475;0
3;82;http://databasemanagement.wikia.com/wiki/Relational_Database_Model;calculate;0.25000000000000006;0.017857142857142856;0.8181818181818182;1.0860389610389611;0.7071067811865475;0
3;82;http://databasemanagement.wikia.com/wiki/Relational_Database_Model;products__table;0.375;0.017857142857142856;0.8181818181818182;1.2110389610389611;0.7071067811865475;0
3;82;http://databasemanagement.wikia.com/wiki/Relational_Database_Model;bill;0.25000000000000006;0.017857142857142856;0.8181818181818182;1.0860389610389611;0.7071067811865475;0
3;82;http://databasemanagement.wikia.com/wiki/Relational_Database_Model;product_code_fields;0.6250000000000001;0.017857142857142856;0.8181818181818182;1.4610389610389611;0.7071067811865475;0
3;82;http://databasemanagement.wikia.com/wiki/Relational_Database_Model;products_ordered;0.6250000000000001;0.017857142857142856;0.8181818181818182;1.4610389610389611;0.7071067811865475;0
3;82;http://databasemanagement.wikia.com/wiki/Relational_Database_Model;orders__table;0.375;0.017857142857142856;0.8181818181818182;1.2110389610389611;0.7071067811865475;0
3;82;http://databasemanagement.wikia.com/wiki/Relational_Database_Model;joining;0.25000000000000006;0.0;0.8181818181818182;1.0681818181818183;0.7071067811865475;0
3;83;http://databasemanagement.wikia.com/wiki/Relational_Database_Model;multiple_fields;0.7187500000000001;0.017857142857142856;0.8181818181818182;1.5547889610389611;0.0;0
3;83;http://databasemanagement.wikia.com/wiki/Relational_Database_Model;joining_multiple_tables;0.9375;0.017857142857142856;0.8181818181818182;1.7735389610389611;0.0;0
3;84;http://databasemanagement.wikia.com/wiki/Relational_Database_Model;retrieval_time;0.6250000000000001;0.017857142857142856;0.8181818181818182;1.4610389610389611;0.0;0
3;85;http://databasemanagement.wikia.com/wiki/Relational_Database_Model;important_role;0.6250000000000001;0.017857142857142856;0.8181818181818182;1.4610389610389611;0.7071067811865475;0
3;85;http://databasemanagement.wikia.com/wiki/Relational_Database_Model;called__determination;0.375;0.017857142857142856;0.8181818181818182;1.2110389610389611;0.7071067811865475;0
3;88;http://databasemanagement.wikia.com/wiki/Relational_Database_Model;operations;0.25000000000000006;0.017857142857142856;0.8181818181818182;1.0860389610389611;1.0;0
3;88;http://databasemanagement.wikia.com/wiki/Relational_Database_Model;union;0.25000000000000006;0.017857142857142856;0.8181818181818182;1.0860389610389611;1.0;0
3;88;http://databasemanagement.wikia.com/wiki/Relational_Database_Model;join;0.25000000000000006;0.0;0.8181818181818182;1.0681818181818183;1.0;0
3;88;http://databasemanagement.wikia.com/wiki/Relational_Database_Model;select;0.25000000000000006;0.017857142857142856;0.8181818181818182;1.0860389610389611;1.0;0
3;89;http://databasemanagement.wikia.com/wiki/Relational_Database_Model;operation;0.25000000000000006;0.017857142857142856;0.8181818181818182;1.0860389610389611;0.0;0
3;104;http://www.diranieh.com/Database/RelationalDatabaseModel.htm;data_manipulation;0.6250000000000001;0.058823529411764705;0.8181818181818182;1.502005347593583;0.0;0
3;105;http://www.diranieh.com/Database/RelationalDatabaseModel.htm;represent_data;0.6250000000000001;0.058823529411764705;0.8181818181818182;1.502005347593583;0.0;0
3;106;http://www.diranieh.com/Database/RelationalDatabaseModel.htm;data_structure_model;1.0;0.058823529411764705;0.8181818181818182;1.8770053475935828;0.0;0
3;106;http://www.diranieh.com/Database/RelationalDatabaseModel.htm;illustrated;0.25000000000000006;0.0;0.8181818181818182;1.0681818181818183;0.0;0
3;106;http://www.diranieh.com/Database/RelationalDatabaseModel.htm;relation;0.25000000000000006;0.058823529411764705;0.8181818181818182;1.127005347593583;0.0;0
3;107;http://www.diranieh.com/Database/RelationalDatabaseModel.htm;domain;0.25000000000000006;0.11764705882352941;0.8181818181818182;1.1858288770053478;1.0;0
3;107;http://www.diranieh.com/Database/RelationalDatabaseModel.htm;fundamental_part;0.6250000000000001;0.058823529411764705;0.8181818181818182;1.502005347593583;1.0;0
3;108;http://www.diranieh.com/Database/RelationalDatabaseModel.htm;information__;0.6250000000000001;0.0;0.8181818181818182;1.4431818181818183;0.0;0
3;108;http://www.diranieh.com/Database/RelationalDatabaseModel.htm;domain_combines;0.6250000000000001;0.058823529411764705;0.8181818181818182;1.502005347593583;0.0;0
3;108;http://www.diranieh.com/Database/RelationalDatabaseModel.htm;pieces;0.25000000000000006;0.058823529411764705;0.8181818181818182;1.127005347593583;0.0;0
3;108;http://www.diranieh.com/Database/RelationalDatabaseModel.htm;values;0.43750000000000006;0.058823529411764705;0.36363636363636365;0.8599598930481285;0.0;0
3;108;http://www.diranieh.com/Database/RelationalDatabaseModel.htm;simply_stated;0.6250000000000001;0.058823529411764705;0.8181818181818182;1.502005347593583;0.0;0
3;109;http://www.diranieh.com/Database/RelationalDatabaseModel.htm;allowable_values;0.6250000000000001;0.11764705882352941;0.8181818181818182;1.5608288770053478;1.0;0
3;109;http://www.diranieh.com/Database/RelationalDatabaseModel.htm;domain_defines;0.6250000000000001;0.058823529411764705;0.8181818181818182;1.502005347593583;1.0;0
3;110;http://www.diranieh.com/Database/RelationalDatabaseModel.htm;sales;0.25000000000000006;0.058823529411764705;0.8181818181818182;1.127005347593583;0.0;0
3;110;http://www.diranieh.com/Database/RelationalDatabaseModel.htm;integers_greater;0.6250000000000001;0.058823529411764705;0.8181818181818182;1.502005347593583;0.0;0
3;110;http://www.diranieh.com/Database/RelationalDatabaseModel.htm;id_column;0.6250000000000001;0.058823529411764705;0.8181818181818182;1.502005347593583;0.0;0
3;110;http://www.diranieh.com/Database/RelationalDatabaseModel.htm;dept_column;0.6250000000000001;0.058823529411764705;0.8181818181818182;1.502005347593583;0.0;0
3;110;http://www.diranieh.com/Database/RelationalDatabaseModel.htm;accountancy;0.25000000000000006;0.0;0.8181818181818182;1.0681818181818183;0.0;0
4;1;https://en.wikipedia.org/wiki/Hierarchical_database_model;developed;0.25000000000000006;0.10526315789473684;1.0;1.355263157894737;1.0;1
4;1;https://en.wikipedia.org/wiki/Hierarchical_database_model;hierarchical_structure;0.6250000000000001;0.10526315789473684;1.0;1.730263157894737;1.0;1
4;1;https://en.wikipedia.org/wiki/Hierarchical_database_model;early_mainframe_dbms;1.0;0.10526315789473684;1.0;2.1052631578947367;1.0;1
4;1;https://en.wikipedia.org/wiki/Hierarchical_database_model;ibm;0.25000000000000006;0.0;1.0;1.25;1.0;1
4;2;https://en.wikipedia.org/wiki/Hierarchical_database_model;records__relationships_form;0.7187500000000001;0.10526315789473684;1.0;1.824013157894737;0.0;1
4;2;https://en.wikipedia.org/wiki/Hierarchical_database_model;treelike_model;0.6250000000000001;0.10526315789473684;1.0;1.730263157894737;0.0;1
4;3;https://en.wikipedia.org/wiki/Hierarchical_database_model;relationship;0.43750000000000006;0.0;1.0;1.4375;0.0;1
4;3;https://en.wikipedia.org/wiki/Hierarchical_database_model;one_to_many_relationship;0.5312500000000001;0.10526315789473684;1.0;1.636513157894737;0.0;1
4;3;https://en.wikipedia.org/wiki/Hierarchical_database_model;inflexible;0.25000000000000006;0.10526315789473684;1.0;1.355263157894737;0.0;1
4;3;https://en.wikipedia.org/wiki/Hierarchical_database_model;confined;0.25000000000000006;0.10526315789473684;1.0;1.355263157894737;0.0;1
4;4;https://en.wikipedia.org/wiki/Hierarchical_database_model;hierarchical_database_system;1.0;0.10526315789473684;1.0;2.1052631578947367;1.0;1
4;4;https://en.wikipedia.org/wiki/Hierarchical_database_model;multiple_hierarchies;0.6250000000000001;0.10526315789473684;1.0;1.730263157894737;1.0;1
4;5;https://en.wikipedia.org/wiki/Hierarchical_database_model;rdm_mobile;0.7187500000000001;0.21052631578947367;1.0;1.929276315789474;0.0;1
4;5;https://en.wikipedia.org/wiki/Hierarchical_database_model;mobile_computer_system;0.9375;0.10526315789473684;1.0;2.0427631578947367;0.0;1
4;41;http://people.cs.pitt.edu/~chang/156/14hier.html;company_database;0.6250000000000001;1.0;1.0;2.625;0.0;0
4;41;http://people.cs.pitt.edu/~chang/156/14hier.html;hierarchical_schema;0.6250000000000001;1.0;1.0;2.625;0.0;0
4;42;http://beginnersbook.com/2015/04/hierarchical-model-in-dbms/;record;0.43750000000000006;0.11764705882352941;1.0;1.5551470588235294;1.0;0
4;42;http://beginnersbook.com/2015/04/hierarchical-model-in-dbms/;parent_record;0.5312500000000001;0.11764705882352941;1.0;1.6488970588235294;1.0;0
4;42;http://beginnersbook.com/2015/04/hierarchical-model-in-dbms/;children;0.25000000000000006;0.11764705882352941;0.12727272727272726;0.4949197860962567;1.0;0
4;43;http://beginnersbook.com/2015/04/hierarchical-model-in-dbms/;main_drawback;0.6250000000000001;0.11764705882352941;1.0;1.7426470588235294;1.0;0
4;44;http://beginnersbook.com/2015/04/hierarchical-model-in-dbms/;hierarchical_data_represented;1.0;0.11764705882352941;1.0;2.1176470588235294;1.0;0
4;44;http://beginnersbook.com/2015/04/hierarchical-model-in-dbms/;relational_tables;0.6250000000000001;0.23529411764705882;1.0;1.8602941176470589;1.0;0
4;46;https://www.dlsweb.rmit.edu.au/toolbox/Database/Certificate4_DB_Toolbox/content/models/hierarchical_model.htm;database_model_developed;0.9375;0.125;1.0;2.0625;0.0;0
4;46;https://www.dlsweb.rmit.edu.au/toolbox/Database/Certificate4_DB_Toolbox/content/models/hierarchical_model.htm;overcome;0.25000000000000006;0.125;1.0;1.375;0.0;0
4;46;https://www.dlsweb.rmit.edu.au/toolbox/Database/Certificate4_DB_Toolbox/content/models/hierarchical_model.htm;traditional_file_system;1.0;0.125;1.0;2.125;0.0;0
4;47;https://www.dlsweb.rmit.edu.au/toolbox/Database/Certificate4_DB_Toolbox/content/models/hierarchical_model.htm;large;0.25000000000000006;0.0;1.0;1.25;1.0;0
4;47;https://www.dlsweb.rmit.edu.au/toolbox/Database/Certificate4_DB_Toolbox/content/models/hierarchical_model.htm;transactions;0.25000000000000006;0.0;1.0;1.25;1.0;0
4;47;https://www.dlsweb.rmit.edu.au/toolbox/Database/Certificate4_DB_Toolbox/content/models/hierarchical_model.htm;hierarchical_databases;0.6250000000000001;0.125;1.0;1.75;1.0;0
4;47;https://www.dlsweb.rmit.edu.au/toolbox/Database/Certificate4_DB_Toolbox/content/models/hierarchical_model.htm;predominantly;0.25000000000000006;0.0;1.0;1.25;1.0;0
4;47;https://www.dlsweb.rmit.edu.au/toolbox/Database/Certificate4_DB_Toolbox/content/models/hierarchical_model.htm;volume;0.25000000000000006;0.125;1.0;1.375;1.0;0
4;47;https://www.dlsweb.rmit.edu.au/toolbox/Database/Certificate4_DB_Toolbox/content/models/hierarchical_model.htm;transaction_operations_change;0.9375;0.125;1.0;2.0625;1.0;0
4;48;https://www.dlsweb.rmit.edu.au/toolbox/Database/Certificate4_DB_Toolbox/content/models/hierarchical_model.htm;banks;0.25000000000000006;0.125;1.0;1.375;0.0;0
4;52;http://www.edugrabs.com/hierarchical-model/;admin;0.25000000000000006;0.006711409395973154;1.0;1.2567114093959733;0.0;0
4;53;http://www.edugrabs.com/hierarchical-model/;july_29;0.06250000000000001;0.006711409395973154;1.0;1.0692114093959733;0.0;0
4;54;http://www.edugrabs.com/hierarchical-model/;question_bank;0.6250000000000001;0.013422818791946308;1.0;1.6384228187919465;0.0;0
4;55;http://www.edugrabs.com/hierarchical-model/;schedule_based;0.6250000000000001;0.020134228187919462;1.0;1.6451342281879195;1.0;0
4;55;http://www.edugrabs.com/hierarchical-model/;conflict;0.6250000000000001;0.020134228187919462;1.0;1.6451342281879195;1.0;0
4;55;http://www.edugrabs.com/hierarchical-model/;classification;0.5000000000012501;0.0;1.0;1.5000000000012501;1.0;0
4;55;http://www.edugrabs.com/hierarchical-model/;sets;0.25000000000000006;0.020134228187919462;1.0;1.2701342281879195;1.0;0
4;55;http://www.edugrabs.com/hierarchical-model/;supertype;0.25000000000000006;0.0;1.0;1.25;1.0;0
4;55;http://www.edugrabs.com/hierarchical-model/;check;0.25000000000000006;0.020134228187919462;1.0;1.2701342281879195;1.0;0
4;55;http://www.edugrabs.com/hierarchical-model/;operator_queries;0.6250000000000001;0.020134228187919462;1.0;1.6451342281879195;1.0;0
4;55;http://www.edugrabs.com/hierarchical-model/;5nf_classification;0.5625000000006251;0.020134228187919462;1.0;1.5826342281885446;1.0;0
4;55;http://www.edugrabs.com/hierarchical-model/;recovery;0.25000000000000006;0.020134228187919462;1.0;1.2701342281879195;1.0;0
4;55;http://www.edugrabs.com/hierarchical-model/;select_command_query;1.0;0.020134228187919462;1.0;2.0201342281879198;1.0;0
4;55;http://www.edugrabs.com/hierarchical-model/;instance;0.25000000000000006;0.020134228187919462;1.0;1.2701342281879195;1.0;0
4;55;http://www.edugrabs.com/hierarchical-model/;sql_operators_joins;0.7812499999999999;0.020134228187919462;1.0;1.8013842281879193;1.0;0
4;55;http://www.edugrabs.com/hierarchical-model/;dbms_keys;0.7230113636368751;0.020134228187919462;1.0;1.7431455918247947;1.0;0
4;55;http://www.edugrabs.com/hierarchical-model/;questions_close_transaction;0.80833333333375;0.013422818791946308;1.0;1.8217561521256962;1.0;0
4;55;http://www.edugrabs.com/hierarchical-model/;transaction_classification;0.5250000000006251;0.020134228187919462;1.0;1.5451342281885445;1.0;0
4;55;http://www.edugrabs.com/hierarchical-model/;functional_dependency_trivial;1.0;0.020134228187919462;1.0;2.0201342281879198;1.0;0
4;55;http://www.edugrabs.com/hierarchical-model/;types_functional_dependency;0.8999999999999998;0.020134228187919462;1.0;1.9201342281879192;1.0;0
4;55;http://www.edugrabs.com/hierarchical-model/;dbms_types;0.7136363636368751;0.020134228187919462;1.0;1.7337705918247945;1.0;0
4;55;http://www.edugrabs.com/hierarchical-model/;fd_applications;0.7187500000000001;0.020134228187919462;1.0;1.7388842281879195;1.0;0
4;55;http://www.edugrabs.com/hierarchical-model/;dbms_questions;0.801136363635625;0.020134228187919462;1.0;1.8212705918235446;1.0;0
4;55;http://www.edugrabs.com/hierarchical-model/;aggregation;0.25000000000000006;0.0;1.0;1.25;1.0;0
4;55;http://www.edugrabs.com/hierarchical-model/;functional_dependencies_closure;1.0;0.020134228187919462;1.0;2.0201342281879198;1.0;0
4;55;http://www.edugrabs.com/hierarchical-model/;fd_questions;0.7500000000006251;0.020134228187919462;1.0;1.7701342281885446;1.0;0
4;55;http://www.edugrabs.com/hierarchical-model/;sql_operators;0.6718750000000001;0.020134228187919462;1.0;1.6920092281879195;1.0;0
4;55;http://www.edugrabs.com/hierarchical-model/;file_system_advantages;0.8749999999999999;0.020134228187919462;1.0;1.8951342281879193;1.0;0
4;55;http://www.edugrabs.com/hierarchical-model/;transaction;0.55;0.0;1.0;1.55;1.0;0
4;55;http://www.edugrabs.com/hierarchical-model/;identifying;0.25000000000000006;0.0;1.0;1.25;1.0;0
4;55;http://www.edugrabs.com/hierarchical-model/;types_composite_entity;0.8999999999999998;0.020134228187919462;1.0;1.9201342281879192;1.0;0
4;55;http://www.edugrabs.com/hierarchical-model/;transaction_starvation;0.5875;0.020134228187919462;1.0;1.6076342281879195;1.0;0
4;55;http://www.edugrabs.com/hierarchical-model/;subtype;0.25000000000000006;0.020134228187919462;1.0;1.2701342281879195;1.0;0
4;55;http://www.edugrabs.com/hierarchical-model/;subquery;0.25000000000000006;0.0;1.0;1.25;1.0;0
4;55;http://www.edugrabs.com/hierarchical-model/;view_serializable_difference;1.0;0.020134228187919462;1.0;2.0201342281879198;1.0;0
4;55;http://www.edugrabs.com/hierarchical-model/;applications_functional_dependencies;0.9375;0.020134228187919462;1.0;1.9576342281879193;1.0;0
4;56;http://www.edugrabs.com/hierarchical-model/;transaction_management_questions;0.91666666666625;0.006711409395973154;1.0;1.9233780760622232;0.0;0
4;56;http://www.edugrabs.com/hierarchical-model/;file_organisation__;1.0;0.006711409395973154;1.0;2.0067114093959733;0.0;0
4;56;http://www.edugrabs.com/hierarchical-model/;3_close;0.06250000000000001;0.006711409395973154;1.0;1.0692114093959733;0.0;0
4;56;http://www.edugrabs.com/hierarchical-model/;transaction_management_sql;1.0;0.006711409395973154;1.0;2.0067114093959733;0.0;0
4;56;http://www.edugrabs.com/hierarchical-model/;dbms_er_model;0.8375;0.006711409395973154;1.0;1.8442114093959732;0.0;0
4;56;http://www.edugrabs.com/hierarchical-model/;er_model;0.75625;0.006711409395973154;1.0;1.7629614093959731;0.0;0
4;56;http://www.edugrabs.com/hierarchical-model/;solved_questions;0.687499999999375;0.006711409395973154;1.0;1.6942114093953482;0.0;0
4;56;http://www.edugrabs.com/hierarchical-model/;erm;0.25000000000000006;0.0;1.0;1.25;0.0;0
4;56;http://www.edugrabs.com/hierarchical-model/;normalisation_questions;0.687499999999375;0.006711409395973154;1.0;1.6942114093953482;0.0;0
4;57;http://www.edugrabs.com/hierarchical-model/;pointers_function_pointer;0.7916666666662499;0.006711409395973154;1.0;1.798378076062223;0.0;0
4;57;http://www.edugrabs.com/hierarchical-model/;variables;0.25000000000000006;0.006711409395973154;1.0;1.2567114093959733;0.0;0
4;57;http://www.edugrabs.com/hierarchical-model/;operators_expressions;0.6250000000000001;0.006711409395973154;1.0;1.6317114093959733;0.0;0
4;57;http://www.edugrabs.com/hierarchical-model/;pointers_arrays;0.7187500000000001;0.006711409395973154;1.0;1.7254614093959733;0.0;0
4;57;http://www.edugrabs.com/hierarchical-model/;stored;0.25000000000000006;0.006711409395973154;1.0;1.2567114093959733;0.0;0
4;57;http://www.edugrabs.com/hierarchical-model/;gate_students_programs;1.0;0.006711409395973154;1.0;2.0067114093959733;0.0;0
4;57;http://www.edugrabs.com/hierarchical-model/;close;0.6250000000000001;0.020134228187919462;1.0;1.6451342281879195;0.0;0
4;57;http://www.edugrabs.com/hierarchical-model/;close_miscellaneous_topics;0.8749999999999999;0.006711409395973154;1.0;1.881711409395973;0.0;0
4;57;http://www.edugrabs.com/hierarchical-model/;shorthands;0.25000000000000006;0.0;1.0;1.25;0.0;0
4;57;http://www.edugrabs.com/hierarchical-model/;switch_statement_difference;0.9375;0.006711409395973154;1.0;1.9442114093959733;0.0;0
4;57;http://www.edugrabs.com/hierarchical-model/;functions;0.25000000000000006;0.006711409395973154;1.0;1.2567114093959733;0.0;0
4;57;http://www.edugrabs.com/hierarchical-model/;loop_nested_loops;0.8125;0.006711409395973154;1.0;1.8192114093959733;0.0;0
4;57;http://www.edugrabs.com/hierarchical-model/;memory_layout;0.859375;0.006711409395973154;1.0;1.8660864093959733;0.0;0
4;57;http://www.edugrabs.com/hierarchical-model/;dynamic_memory_allocation;0.9687499999999999;0.006711409395973154;1.0;1.975461409395973;0.0;0
4;57;http://www.edugrabs.com/hierarchical-model/;introduction_basics_basics;1.0;0.006711409395973154;1.0;2.0067114093959733;0.0;0
4;57;http://www.edugrabs.com/hierarchical-model/;control_statements;0.7187500000000001;0.006711409395973154;1.0;1.7254614093959733;0.0;0
4;57;http://www.edugrabs.com/hierarchical-model/;loops_difference;0.8125;0.006711409395973154;1.0;1.8192114093959733;0.0;0
4;57;http://www.edugrabs.com/hierarchical-model/;operators;0.43750000000000006;0.006711409395973154;1.0;1.4442114093959733;0.0;0
4;57;http://www.edugrabs.com/hierarchical-model/;memory___memory_layout;0.4750000000000001;0.006711409395973154;1.0;1.4817114093959733;0.0;0
4;57;http://www.edugrabs.com/hierarchical-model/;switch_iteration_statements;0.9375;0.006711409395973154;1.0;1.9442114093959733;0.0;0
4;57;http://www.edugrabs.com/hierarchical-model/;access_multidimensional_arrays;0.9375;0.006711409395973154;1.0;1.9442114093959733;0.0;0
4;57;http://www.edugrabs.com/hierarchical-model/;close_close;0.6250000000000001;0.020134228187919462;1.0;1.6451342281879195;0.0;0
4;57;http://www.edugrabs.com/hierarchical-model/;errors_data_types;1.0;0.006711409395973154;1.0;2.0067114093959733;0.0;0
4;57;http://www.edugrabs.com/hierarchical-model/;modifiers;0.25000000000000006;0.006711409395973154;1.0;1.2567114093959733;0.0;0
4;57;http://www.edugrabs.com/hierarchical-model/;gate_pointers_pointers;0.75;0.006711409395973154;1.0;1.7567114093959733;0.0;0
4;57;http://www.edugrabs.com/hierarchical-model/;expressions___type_conversion;0.43750000000000006;0.006711409395973154;1.0;1.4442114093959733;0.0;0
4;57;http://www.edugrabs.com/hierarchical-model/;type_casting;0.7187500000000001;0.006711409395973154;1.0;1.7254614093959733;0.0;0
4;57;http://www.edugrabs.com/hierarchical-model/;structure___basics_pointer;0.42499999999975;0.006711409395973154;1.0;1.431711409395723;0.0;0
4;57;http://www.edugrabs.com/hierarchical-model/;integer_data_type;0.9375;0.006711409395973154;1.0;1.9442114093959733;0.0;0
4;58;http://www.edugrabs.com/hierarchical-model/;scheduling_criterias_types;0.9583333333337499;0.006711409395973154;1.0;1.965044742729723;0.0;0
4;58;http://www.edugrabs.com/hierarchical-model/;cpu_schedulingquestions;0.6250000000000001;0.006711409395973154;1.0;1.6317114093959733;0.0;0
4;58;http://www.edugrabs.com/hierarchical-model/;basis;0.25000000000000006;0.006711409395973154;1.0;1.2567114093959733;0.0;0
4;58;http://www.edugrabs.com/hierarchical-model/;_questions_questions;0.6250000000000001;0.006711409395973154;1.0;1.6317114093959733;0.0;0
4;58;http://www.edugrabs.com/hierarchical-model/;multiprogramming_types;0.7500000000006251;0.006711409395973154;1.0;1.756711409396598;0.0;0
4;58;http://www.edugrabs.com/hierarchical-model/;execution_time_degree;1.0;0.006711409395973154;1.0;2.0067114093959733;0.0;0
4;58;http://www.edugrabs.com/hierarchical-model/;system_calls_types;0.9583333333337499;0.006711409395973154;1.0;1.965044742729723;0.0;0
4;59;http://www.edugrabs.com/hierarchical-model/;business_methods;0.687499999999375;0.006711409395973154;1.0;1.6942114093953482;0.7071067811865475;0
4;59;http://www.edugrabs.com/hierarchical-model/;entrepreneur_entrepreneurship;0.6250000000000001;0.006711409395973154;1.0;1.6317114093959733;0.7071067811865475;0
4;59;http://www.edugrabs.com/hierarchical-model/;edps_close_close;1.0;0.006711409395973154;1.0;2.0067114093959733;0.7071067811865475;0
4;59;http://www.edugrabs.com/hierarchical-model/;economic_development_role;0.8749999999999999;0.006711409395973154;1.0;1.881711409395973;0.7071067811865475;0
4;59;http://www.edugrabs.com/hierarchical-model/;entrepreneurs;0.25000000000000006;0.0;1.0;1.25;0.7071067811865475;0
4;59;http://www.edugrabs.com/hierarchical-model/;intrapreneurship_entrepreneurship;0.6250000000000001;0.006711409395973154;1.0;1.6317114093959733;0.7071067811865475;0
4;59;http://www.edugrabs.com/hierarchical-model/;entrepreneur_qualities;0.6250000000000001;0.006711409395973154;1.0;1.6317114093959733;0.7071067811865475;0
4;59;http://www.edugrabs.com/hierarchical-model/;business_life_cycle;0.91666666666625;0.006711409395973154;1.0;1.9233780760622232;0.7071067811865475;0
4;59;http://www.edugrabs.com/hierarchical-model/;start;0.43750000000000006;0.006711409395973154;1.0;1.4442114093959733;0.7071067811865475;0
4;59;http://www.edugrabs.com/hierarchical-model/;country_procedure;0.6250000000000001;0.006711409395973154;1.0;1.6317114093959733;0.7071067811865475;0
4;59;http://www.edugrabs.com/hierarchical-model/;entrepreneurship_characteristics;0.6250000000000001;0.006711409395973154;1.0;1.6317114093959733;0.7071067811865475;0
4;59;http://www.edugrabs.com/hierarchical-model/;business_start;0.593749999999375;0.006711409395973154;1.0;1.6004614093953482;0.7071067811865475;0
4;59;http://www.edugrabs.com/hierarchical-model/;expand;0.25000000000000006;0.006711409395973154;1.0;1.2567114093959733;0.7071067811865475;0
4;62;http://www.edugrabs.com/hierarchical-model/;dbms_execution_steps;0.9464285714287499;0.020134228187919462;1.0;1.9665627996166695;0.0;0
4;62;http://www.edugrabs.com/hierarchical-model/;dbms_architecture;0.7321428571431251;0.020134228187919462;1.0;1.7522770853310445;0.0;0
4;62;http://www.edugrabs.com/hierarchical-model/;dbms_er_diagrams;0.9464285714287499;0.020134228187919462;1.0;1.9665627996166695;0.0;0
4;62;http://www.edugrabs.com/hierarchical-model/;dbms_database;0.6383928571431251;0.020134228187919462;1.0;1.6585270853310445;0.0;0
4;62;http://www.edugrabs.com/hierarchical-model/;dbms___intro_dbms;0.4857142857145001;0.020134228187919462;1.0;1.5058485139024196;0.0;0
4;62;http://www.edugrabs.com/hierarchical-model/;dbms_components;0.7321428571431251;0.020134228187919462;1.0;1.7522770853310445;0.0;0
4;63;http://www.edugrabs.com/hierarchical-model/;candidate_keys_close;0.91666666666625;0.006711409395973154;1.0;1.9233780760622232;0.0;0
4;64;http://www.edugrabs.com/hierarchical-model/;update_operations_questions;1.0;0.020134228187919462;1.0;2.0201342281879198;0.0;0
4;64;http://www.edugrabs.com/hierarchical-model/;constraint_violations___close;0.55;0.006711409395973154;1.0;1.556711409395973;0.0;0
4;65;http://www.edugrabs.com/hierarchical-model/;super_keys;0.7187500000000001;0.026845637583892617;1.0;1.7455956375838926;0.0;0
4;65;http://www.edugrabs.com/hierarchical-model/;candidate_keys_prime;0.9375;0.020134228187919462;1.0;1.9576342281879193;0.0;0
4;65;http://www.edugrabs.com/hierarchical-model/;examples_types;0.7187500000000001;0.020134228187919462;1.0;1.7388842281879195;0.0;0
4;65;http://www.edugrabs.com/hierarchical-model/;prime_attributes_equivalence;1.0;0.020134228187919462;1.0;2.0201342281879198;0.0;0
4;65;http://www.edugrabs.com/hierarchical-model/;functional_dependency;0.900000000000625;0.006711409395973154;1.0;1.906711409396598;0.0;0
4;66;http://www.edugrabs.com/hierarchical-model/;gate_students_questions;1.0;0.020134228187919462;1.0;2.0201342281879198;0.0;0
4;67;http://www.edugrabs.com/hierarchical-model/;questions_close;0.6250000000000001;0.006711409395973154;1.0;1.6317114093959733;0.0;0
4;68;http://www.edugrabs.com/hierarchical-model/;conflict_serializable_questions;0.8749999999999999;0.020134228187919462;1.0;1.8951342281879193;1.0;0
4;69;http://www.edugrabs.com/hierarchical-model/;level_1;0.06250000000000001;0.006711409395973154;1.0;1.0692114093959733;1.0;0
4;69;http://www.edugrabs.com/hierarchical-model/;node_4;0.124999999999375;0.006711409395973154;1.0;1.1317114093953482;1.0;0
4;69;http://www.edugrabs.com/hierarchical-model/;called_leaves;0.5312500000000001;0.006711409395973154;1.0;1.5379614093959733;1.0;0
4;69;http://www.edugrabs.com/hierarchical-model/;figure_1;0.06250000000000001;0.006711409395973154;1.0;1.0692114093959733;1.0;0
4;70;http://www.edugrabs.com/hierarchical-model/;nodes_2;0.06250000000000001;0.006711409395973154;1.0;1.0692114093959733;0.0;0
4;70;http://www.edugrabs.com/hierarchical-model/;called_siblings;0.5312500000000001;0.006711409395973154;1.0;1.5379614093959733;0.0;0
4;70;http://www.edugrabs.com/hierarchical-model/;siblings;0.43750000000000006;0.006711409395973154;1.0;1.4442114093959733;0.0;0
4;71;http://www.edugrabs.com/hierarchical-model/;node;0.43750000000000006;0.020134228187919462;1.0;1.4576342281879195;0.0;0
4;71;http://www.edugrabs.com/hierarchical-model/;hierarchical_path;0.6250000000000001;0.013422818791946308;1.0;1.6384228187919465;0.0;0
4;71;http://www.edugrabs.com/hierarchical-model/;single_path_called;0.75;0.006711409395973154;1.0;1.7567114093959733;0.0;0
4;71;http://www.edugrabs.com/hierarchical-model/;nodes_ancestors;0.5312500000000001;0.006711409395973154;1.0;1.5379614093959733;0.0;0
4;71;http://www.edugrabs.com/hierarchical-model/;nodes;0.43750000000000006;0.020134228187919462;0.45454545454545453;0.9121796827333741;0.0;0
4;71;http://www.edugrabs.com/hierarchical-model/;called;0.6250000000000001;0.020134228187919462;1.0;1.6451342281879195;0.0;0
4;72;http://www.edugrabs.com/hierarchical-model/;leaf;0.25000000000000006;0.0;1.0;1.25;0.0;0
4;72;http://www.edugrabs.com/hierarchical-model/;similarly;0.25000000000000006;0.006711409395973154;1.0;1.2567114093959733;0.0;0
4;72;http://www.edugrabs.com/hierarchical-model/;descendent;0.25000000000000006;0.006711409395973154;1.0;1.2567114093959733;0.0;0
4;73;http://www.edugrabs.com/hierarchical-model/;node_10;0.06250000000000001;0.006711409395973154;1.0;1.0692114093959733;1.0;0
4;73;http://www.edugrabs.com/hierarchical-model/;ancestors;0.25000000000000006;0.006711409395973154;1.0;1.2567114093959733;1.0;0
4;73;http://www.edugrabs.com/hierarchical-model/;suppose;0.25000000000000006;0.006711409395973154;1.0;1.2567114093959733;1.0;0
4;73;http://www.edugrabs.com/hierarchical-model/;find;0.25000000000000006;0.006711409395973154;1.0;1.2567114093959733;1.0;0
4;74;http://www.edugrabs.com/hierarchical-model/;levels;0.25000000000000006;0.0;1.0;1.25;0.0;0
4;74;http://www.edugrabs.com/hierarchical-model/;height;0.25000000000000006;0.0;1.0;1.25;0.0;0
4;74;http://www.edugrabs.com/hierarchical-model/;longest_hierarchical_path;1.0;0.006711409395973154;1.0;2.0067114093959733;0.0;0
4;74;http://www.edugrabs.com/hierarchical-model/;height__4;0.0;0.006711409395973154;1.0;1.0067114093959733;0.0;0
4;75;http://www.edugrabs.com/hierarchical-model/;root_node;0.6250000000000001;0.020134228187919462;1.0;1.6451342281879195;0.0;0
4;75;http://www.edugrabs.com/hierarchical-model/;length;0.25000000000000006;0.0;1.0;1.25;0.0;0
4;75;http://www.edugrabs.com/hierarchical-model/;balanced;0.25000000000000006;0.006711409395973154;1.0;1.2567114093959733;0.0;0
4;76;http://databasemanagement.wikia.com/wiki/Category:Hierarchical_Data_Model;multiple;0.25000000000000006;0.022988505747126436;1.0;1.2729885057471266;0.0;0
4;76;http://databasemanagement.wikia.com/wiki/Category:Hierarchical_Data_Model;organizing;0.25000000000000006;0.022988505747126436;1.0;1.2729885057471266;0.0;0
4;77;http://databasemanagement.wikia.com/wiki/Category:Hierarchical_Data_Model;allowed;0.25000000000000006;0.022988505747126436;1.0;1.2729885057471266;1.0;0
4;78;http://databasemanagement.wikia.com/wiki/Category:Hierarchical_Data_Model;information_management_system;0.8749999999999999;0.022988505747126436;1.0;1.8979885057471262;0.7071067811865475;0
4;78;http://databasemanagement.wikia.com/wiki/Category:Hierarchical_Data_Model;repeated;0.25000000000000006;0.022988505747126436;1.0;1.2729885057471266;0.7071067811865475;0
4;78;http://databasemanagement.wikia.com/wiki/Category:Hierarchical_Data_Model;implemented;0.25000000000000006;0.0;1.0;1.25;0.7071067811865475;0
4;79;http://databasemanagement.wikia.com/wiki/Category:Hierarchical_Data_Model;precursor;0.25000000000000006;0.022988505747126436;1.0;1.2729885057471266;0.0;0
4;81;http://databasemanagement.wikia.com/wiki/Category:Hierarchical_Data_Model;easy_addition;0.6250000000000001;0.022988505747126436;1.0;1.6479885057471266;0.0;0
4;81;http://databasemanagement.wikia.com/wiki/Category:Hierarchical_Data_Model;deletion;0.25000000000000006;0.022988505747126436;1.0;1.2729885057471266;0.0;0
4;82;http://databasemanagement.wikia.com/wiki/Category:Hierarchical_Data_Model;hierarchy;0.25000000000000006;0.022988505747126436;1.0;1.2729885057471266;0.0;0
4;82;http://databasemanagement.wikia.com/wiki/Category:Hierarchical_Data_Model;access;0.25000000000000006;0.022988505747126436;1.0;1.2729885057471266;0.0;0
4;82;http://databasemanagement.wikia.com/wiki/Category:Hierarchical_Data_Model;top;0.25000000000000006;0.04597701149425287;1.0;1.2959770114942528;0.0;0
4;83;http://databasemanagement.wikia.com/wiki/Category:Hierarchical_Data_Model;tapes;0.25000000000000006;0.04597701149425287;1.0;1.2959770114942528;0.7071067811865475;0
4;83;http://databasemanagement.wikia.com/wiki/Category:Hierarchical_Data_Model;work;0.25000000000000006;0.022988505747126436;1.0;1.2729885057471266;0.7071067811865475;0
4;83;http://databasemanagement.wikia.com/wiki/Category:Hierarchical_Data_Model;worked;0.25000000000000006;0.022988505747126436;1.0;1.2729885057471266;0.7071067811865475;0
4;84;http://databasemanagement.wikia.com/wiki/Category:Hierarchical_Data_Model;employee_organization;0.6250000000000001;0.022988505747126436;1.0;1.6479885057471266;0.7071067811865475;0
4;84;http://databasemanagement.wikia.com/wiki/Category:Hierarchical_Data_Model;natural_hierarchies;0.6250000000000001;0.022988505747126436;1.0;1.6479885057471266;0.7071067811865475;0
4;84;http://databasemanagement.wikia.com/wiki/Category:Hierarchical_Data_Model;model_relates;0.6250000000000001;0.022988505747126436;1.0;1.6479885057471266;0.7071067811865475;0
4;84;http://databasemanagement.wikia.com/wiki/Category:Hierarchical_Data_Model;assembly_plants;0.6250000000000001;0.022988505747126436;1.0;1.6479885057471266;0.7071067811865475;0
4;84;http://databasemanagement.wikia.com/wiki/Category:Hierarchical_Data_Model;corporations;0.25000000000000006;0.0;1.0;1.25;0.7071067811865475;0
4;85;http://databasemanagement.wikia.com/wiki/Category:Hierarchical_Data_Model;works;0.25000000000000006;0.022988505747126436;1.0;1.2729885057471266;0.7071067811865475;0
4;86;http://databasemanagement.wikia.com/wiki/Category:Hierarchical_Data_Model;president;0.25000000000000006;0.022988505747126436;1.0;1.2729885057471266;0.0;0
4;86;http://databasemanagement.wikia.com/wiki/Category:Hierarchical_Data_Model;managers;0.25000000000000006;0.022988505747126436;1.0;1.2729885057471266;0.0;0
4;86;http://databasemanagement.wikia.com/wiki/Category:Hierarchical_Data_Model;manager;0.25000000000000006;0.022988505747126436;1.0;1.2729885057471266;0.0;0
4;87;http://databasemanagement.wikia.com/wiki/Category:Hierarchical_Data_Model;ga1111_disadvantages;0.6250000000000001;0.022988505747126436;1.0;1.6479885057471266;0.0;0
4;88;http://databasemanagement.wikia.com/wiki/Category:Hierarchical_Data_Model;sophisticated_relationships;0.6250000000000001;0.022988505747126436;1.0;1.6479885057471266;0.0;0
4;88;http://databasemanagement.wikia.com/wiki/Category:Hierarchical_Data_Model;require;0.25000000000000006;0.022988505747126436;1.0;1.2729885057471266;0.0;0
4;88;http://databasemanagement.wikia.com/wiki/Category:Hierarchical_Data_Model;back;0.25000000000000006;0.022988505747126436;1.0;1.2729885057471266;0.0;0
4;88;http://databasemanagement.wikia.com/wiki/Category:Hierarchical_Data_Model;hold;0.25000000000000006;0.022988505747126436;1.0;1.2729885057471266;0.0;0
4;89;http://databasemanagement.wikia.com/wiki/Category:Hierarchical_Data_Model;requires_data;0.6250000000000001;0.04597701149425287;1.0;1.670977011494253;0.0;0
4;89;http://databasemanagement.wikia.com/wiki/Category:Hierarchical_Data_Model;repetitively_stored;0.6250000000000001;0.022988505747126436;1.0;1.6479885057471266;0.0;0
4;90;http://databasemanagement.wikia.com/wiki/Category:Hierarchical_Data_Model;lower_entities;0.6250000000000001;0.022988505747126436;1.0;1.6479885057471266;0.7071067811865475;0
4;90;http://databasemanagement.wikia.com/wiki/Category:Hierarchical_Data_Model;slow;0.25000000000000006;0.04597701149425287;1.0;1.2959770114942528;0.7071067811865475;0
4;90;http://databasemanagement.wikia.com/wiki/Category:Hierarchical_Data_Model;searching;0.25000000000000006;0.04597701149425287;1.0;1.2959770114942528;0.7071067811865475;0
4;91;http://databasemanagement.wikia.com/wiki/Category:Hierarchical_Data_Model;null;0.25000000000000006;0.022988505747126436;1.0;1.2729885057471266;0.0;0
4;92;http://databasemanagement.wikia.com/wiki/Category:Hierarchical_Data_Model;data_requires;0.6250000000000001;0.04597701149425287;1.0;1.670977011494253;0.0;0
4;92;http://databasemanagement.wikia.com/wiki/Category:Hierarchical_Data_Model;run;0.25000000000000006;0.022988505747126436;1.0;1.2729885057471266;0.0;0
4;92;http://databasemanagement.wikia.com/wiki/Category:Hierarchical_Data_Model;making_queries;0.6250000000000001;0.022988505747126436;1.0;1.6479885057471266;0.0;0
4;92;http://databasemanagement.wikia.com/wiki/Category:Hierarchical_Data_Model;bottom;0.25000000000000006;0.022988505747126436;1.0;1.2729885057471266;0.0;0
4;92;http://databasemanagement.wikia.com/wiki/Category:Hierarchical_Data_Model;required_information;0.6250000000000001;0.022988505747126436;1.0;1.6479885057471266;0.0;0
4;92;http://databasemanagement.wikia.com/wiki/Category:Hierarchical_Data_Model;entire_model;0.6250000000000001;0.022988505747126436;1.0;1.6479885057471266;0.0;0
4;92;http://databasemanagement.wikia.com/wiki/Category:Hierarchical_Data_Model;found;0.25000000000000006;0.022988505747126436;1.0;1.2729885057471266;0.0;0
4;93;http://databasemanagement.wikia.com/wiki/Category:Hierarchical_Data_Model;supported;0.25000000000000006;0.022988505747126436;1.0;1.2729885057471266;0.0;0
4;94;http://databasemanagement.wikia.com/wiki/Category:Hierarchical_Data_Model;required;0.25000000000000006;0.022988505747126436;1.0;1.2729885057471266;0.0;0
4;94;http://databasemanagement.wikia.com/wiki/Category:Hierarchical_Data_Model;clever_manipulation;0.6250000000000001;0.022988505747126436;1.0;1.6479885057471266;0.0;0
4;95;http://databasemanagement.wikia.com/wiki/Category:Hierarchical_Data_Model;professor_teaches_classes;1.0;0.022988505747126436;1.0;2.0229885057471266;0.0;0
4;95;http://databasemanagement.wikia.com/wiki/Category:Hierarchical_Data_Model;graduate_student;0.6250000000000001;0.022988505747126436;1.0;1.6479885057471266;0.0;0
5;1;https://en.wikipedia.org/wiki/Network_model;flexible;0.25000000000000006;0.125;0.6363636363636364;1.0113636363636365;0.0;0
5;1;https://en.wikipedia.org/wiki/Network_model;representing_objects;0.6250000000000001;0.125;0.6363636363636364;1.3863636363636365;0.0;0
5;1;https://en.wikipedia.org/wiki/Network_model;database_model_conceived;0.9375;0.125;0.6363636363636364;1.6988636363636362;0.0;0
5;2;https://en.wikipedia.org/wiki/Network_model;object_types;0.6250000000000001;0.125;0.6363636363636364;1.3863636363636365;0.0;0
5;2;https://en.wikipedia.org/wiki/Network_model;arcs;0.25000000000000006;0.125;0.6363636363636364;1.0113636363636365;0.0;0
5;2;https://en.wikipedia.org/wiki/Network_model;restricted;0.25000000000000006;0.125;0.6363636363636364;1.0113636363636365;0.0;0
5;2;https://en.wikipedia.org/wiki/Network_model;distinguishing_feature;0.6250000000000001;0.125;0.6363636363636364;1.3863636363636365;0.0;0
5;2;https://en.wikipedia.org/wiki/Network_model;lattice;0.25000000000000006;0.0;0.6363636363636364;0.8863636363636365;0.0;0
5;2;https://en.wikipedia.org/wiki/Network_model;relationship_types;0.6250000000000001;0.125;0.6363636363636364;1.3863636363636365;0.0;0
5;2;https://en.wikipedia.org/wiki/Network_model;viewed;0.25000000000000006;0.125;0.6363636363636364;1.0113636363636365;0.0;0
5;9;http://www.computerbusinessresearch.com/Home/database/network-database-model;format;0.25000000000000006;0.2857142857142857;0.6363636363636364;1.1720779220779223;0.0;0
5;10;http://www.computerbusinessresearch.com/Home/database/network-database-model;network_database_model;1.0;0.5714285714285714;0.6363636363636364;2.207792207792208;0.0;0
5;19;http://www.studytonight.com/dbms/database-model;organised;0.25000000000000006;0.1;0.6363636363636364;0.9863636363636364;0.9999999999999998;0
5;21;http://ecomputernotes.com/fundamental/what-is-a-database/network-model;hierarchical_tree;0.6250000000000001;0.038461538461538464;0.6363636363636364;1.299825174825175;0.0;0
5;21;http://ecomputernotes.com/fundamental/what-is-a-database/network-model;network_model_replaces;1.0;0.038461538461538464;0.6363636363636364;1.674825174825175;0.0;0
5;21;http://ecomputernotes.com/fundamental/what-is-a-database/network-model;general_connections;0.6250000000000001;0.038461538461538464;0.6363636363636364;1.299825174825175;0.0;0
5;21;http://ecomputernotes.com/fundamental/what-is-a-database/network-model;allowing;0.25000000000000006;0.038461538461538464;0.6363636363636364;0.9248251748251749;0.0;0
5;22;http://ecomputernotes.com/fundamental/what-is-a-database/network-model;handle;0.25000000000000006;0.038461538461538464;0.6363636363636364;0.9248251748251749;1.0;0
5;22;http://ecomputernotes.com/fundamental/what-is-a-database/network-model;main_difference;0.6250000000000001;0.038461538461538464;0.6363636363636364;1.299825174825175;1.0;0
5;25;http://ecomputernotes.com/fundamental/what-is-a-database/network-model;employee_works;0.6250000000000001;0.038461538461538464;0.6363636363636364;1.299825174825175;0.0;0
5;25;http://ecomputernotes.com/fundamental/what-is-a-database/network-model;departments;0.25000000000000006;0.0;0.6363636363636364;0.8863636363636365;0.0;0
5;26;http://ecomputernotes.com/fundamental/what-is-a-database/network-model;strict_hierarchical_arrangement;1.0;0.038461538461538464;0.6363636363636364;1.674825174825175;1.0;0
5;26;http://ecomputernotes.com/fundamental/what-is-a-database/network-model;generalized_graph__;1.0;0.038461538461538464;0.6363636363636364;1.674825174825175;1.0;0
5;27;http://ecomputernotes.com/fundamental/what-is-a-database/network-model;evolved;0.25000000000000006;0.038461538461538464;0.6363636363636364;0.9248251748251749;0.0;0
5;28;http://ecomputernotes.com/fundamental/what-is-a-database/network-model;shown;0.25000000000000006;0.07692307692307693;0.6363636363636364;0.9632867132867133;0.0;0
5;28;http://ecomputernotes.com/fundamental/what-is-a-database/network-model;belong;0.25000000000000006;0.038461538461538464;0.6363636363636364;0.9248251748251749;0.0;0
5;29;http://ecomputernotes.com/fundamental/what-is-a-database/network-model;lateral_connections;0.6250000000000001;0.038461538461538464;0.6363636363636364;1.299825174825175;0.0;0
5;29;http://ecomputernotes.com/fundamental/what-is-a-database/network-model;top_down_connections;0.6250000000000001;0.038461538461538464;0.6363636363636364;1.299825174825175;0.0;0
5;30;http://ecomputernotes.com/fundamental/what-is-a-database/network-model;network_structure;0.6250000000000001;0.038461538461538464;0.6363636363636364;1.299825174825175;0.0;0
5;43;http://ecomputernotes.com/fundamental/what-is-a-database/network-model;sample_supplier_part_database;1.0;0.038461538461538464;0.6363636363636364;1.674825174825175;0.0;0
5;43;http://ecomputernotes.com/fundamental/what-is-a-database/network-model;network_view;0.6250000000000001;0.038461538461538464;0.6363636363636364;1.299825174825175;0.0;0
5;44;http://ecomputernotes.com/fundamental/what-is-a-database/network-model;supplier_record_types;0.9375;0.038461538461538464;0.6363636363636364;1.6123251748251748;1.0;0
5;44;http://ecomputernotes.com/fundamental/what-is-a-database/network-model;connector;0.25000000000000006;0.038461538461538464;0.6363636363636364;0.9248251748251749;1.0;0
5;44;http://ecomputernotes.com/fundamental/what-is-a-database/network-model;call;0.25000000000000006;0.038461538461538464;0.6363636363636364;0.9248251748251749;1.0;0
5;44;http://ecomputernotes.com/fundamental/what-is-a-database/network-model;record_type;0.7187500000000001;0.038461538461538464;0.6363636363636364;1.393575174825175;1.0;0
5;44;http://ecomputernotes.com/fundamental/what-is-a-database/network-model;introduced;0.25000000000000006;0.038461538461538464;0.6363636363636364;0.9248251748251749;1.0;0
5;45;http://ecomputernotes.com/fundamental/what-is-a-database/network-model;connector_occurrence_specifies;1.0;0.038461538461538464;0.6363636363636364;1.674825174825175;0.0;0
5;46;http://ecomputernotes.com/fundamental/what-is-a-database/network-model;data_describing;0.6250000000000001;0.038461538461538464;0.6363636363636364;1.299825174825175;1.0;0
5;46;http://ecomputernotes.com/fundamental/what-is-a-database/network-model;part_records;0.6250000000000001;0.038461538461538464;0.6363636363636364;1.299825174825175;1.0;0
6;1;http://www.studytonight.com/dbms/er-diagram.php;person;0.25000000000000006;0.125;0.8181818181818182;1.1931818181818183;1.0;0
6;1;http://www.studytonight.com/dbms/er-diagram.php;place;0.25000000000000006;0.125;0.8181818181818182;1.1931818181818183;1.0;0
6;2;http://www.studytonight.com/dbms/er-diagram.php;e_r_diagram;0.6250000000000001;0.125;0.8181818181818182;1.5681818181818183;1.0;0
6;2;http://www.studytonight.com/dbms/er-diagram.php;rectangles;0.25000000000000006;0.125;0.8181818181818182;1.1931818181818183;1.0;0
6;4;http://www.studytonight.com/dbms/er-diagram.php;department;0.25000000000000006;0.125;0.8181818181818182;1.1931818181818183;0.7071067811865475;0
6;8;http://creately.com/blog/diagrams/er-diagrams-tutorial/;7_march_2012;0.0;0.0625;0.8181818181818182;0.8806818181818182;0.0;0
6;12;http://creately.com/blog/diagrams/er-diagrams-tutorial/;er_diagram;0.6250000000000001;0.0625;0.8181818181818182;1.5056818181818183;0.0;0
6;16;http://creately.com/blog/diagrams/er-diagrams-tutorial/;visual_tools;0.6250000000000001;0.0625;0.8181818181818182;1.5056818181818183;0.7071067811865475;0
6;16;http://creately.com/blog/diagrams/er-diagrams-tutorial/;network_views;0.6250000000000001;0.0625;0.8181818181818182;1.5056818181818183;0.7071067811865475;0
6;16;http://creately.com/blog/diagrams/er-diagrams-tutorial/;uniform_convention;0.6250000000000001;0.0625;0.8181818181818182;1.5056818181818183;0.7071067811865475;0
6;16;http://creately.com/blog/diagrams/er-diagrams-tutorial/;peter_chen;0.6250000000000001;0.0625;0.8181818181818182;1.5056818181818183;0.7071067811865475;0
6;16;http://creately.com/blog/diagrams/er-diagrams-tutorial/;considers;0.25000000000000006;0.0625;0.8181818181818182;1.1306818181818183;0.7071067811865475;0
6;17;http://creately.com/blog/diagrams/er-diagrams-tutorial/;conceptual_modeling_approach;1.0;0.0625;0.8181818181818182;1.8806818181818183;1.0;0
6;17;http://creately.com/blog/diagrams/er-diagrams-tutorial/;chen_envisioned;0.6250000000000001;0.0625;0.8181818181818182;1.5056818181818183;1.0;0
6;18;http://creately.com/blog/diagrams/er-diagrams-tutorial/;data_objects;0.6250000000000001;0.0625;0.8181818181818182;1.5056818181818183;0.0;0
6;18;http://creately.com/blog/diagrams/er-diagrams-tutorial/;maintain;0.25000000000000006;0.0625;0.8181818181818182;1.1306818181818183;0.0;0
6;19;http://creately.com/blog/diagrams/er-diagrams-tutorial/;additionally;0.25000000000000006;0.0;0.8181818181818182;1.0681818181818183;0.0;0
6;20;http://creately.com/blog/diagrams/er-diagrams-tutorial/;expanded;0.25000000000000006;0.0625;0.8181818181818182;1.1306818181818183;1.0;0
6;20;http://creately.com/blog/diagrams/er-diagrams-tutorial/;business_management;0.6250000000000001;0.0625;0.8181818181818182;1.5056818181818183;1.0;0
6;20;http://creately.com/blog/diagrams/er-diagrams-tutorial/;product_development;0.6250000000000001;0.0625;0.8181818181818182;1.5056818181818183;1.0;0
6;20;http://creately.com/blog/diagrams/er-diagrams-tutorial/;strategy_formulations;0.6250000000000001;0.0625;0.8181818181818182;1.5056818181818183;1.0;0
6;21;http://creately.com/blog/diagrams/er-diagrams-tutorial/;primary_application;0.6250000000000001;0.0625;0.8181818181818182;1.5056818181818183;0.0;0
6;21;http://creately.com/blog/diagrams/er-diagrams-tutorial/;database_design_remains;1.0;0.0625;0.8181818181818182;1.8806818181818183;0.0;0
6;25;http://www.careerbless.com/db/rdbms/c1/er2.php;college_database;0.6250000000000001;0.5;0.8181818181818182;1.9431818181818183;0.0;0
6;26;http://www.careerbless.com/db/rdbms/c1/er2.php;statements;0.25000000000000006;0.5;0.8181818181818182;1.5681818181818183;0.0;0
6;27;https://www.tutorialspoint.com/dbms/er_model_basic_concepts.htm;er_model_defines;1.0;0.18181818181818182;0.8181818181818182;2.0;1.0;0
6;27;https://www.tutorialspoint.com/dbms/er_model_basic_concepts.htm;conceptual_view;0.6250000000000001;0.18181818181818182;0.8181818181818182;1.625;1.0;0
6;28;https://www.tutorialspoint.com/dbms/er_model_basic_concepts.htm;associations;0.25000000000000006;0.0;0.8181818181818182;1.0681818181818183;0.0;0
6;28;https://www.tutorialspoint.com/dbms/er_model_basic_concepts.htm;real_world_entities;0.6250000000000001;0.18181818181818182;0.8181818181818182;1.625;0.0;0
6;29;https://www.tutorialspoint.com/dbms/er_model_basic_concepts.htm;designing_databases;0.6250000000000001;0.18181818181818182;0.8181818181818182;1.625;1.0;0
6;29;https://www.tutorialspoint.com/dbms/er_model_basic_concepts.htm;view_level;0.6250000000000001;0.18181818181818182;0.8181818181818182;1.625;1.0;0
6;29;https://www.tutorialspoint.com/dbms/er_model_basic_concepts.htm;good_option;0.6250000000000001;0.18181818181818182;0.8181818181818182;1.625;1.0;0
6;30;https://opentextbc.ca/dbdesign/chapter/chapter-8-entity-relationship-model/;er_models;0.6250000000000001;0.5;0.8181818181818182;1.9431818181818183;1.0;0
6;30;https://opentextbc.ca/dbdesign/chapter/chapter-8-entity-relationship-model/;er_diagrams;0.6250000000000001;0.5;0.36363636363636365;1.4886363636363638;1.0;0
7;2;https://en.wikipedia.org/wiki/Object_database;net;0.25000000000000006;0.1111111111111111;0.6363636363636364;0.9974747474747475;0.0;0
7;2;https://en.wikipedia.org/wiki/Object_database;jade;0.25000000000000006;0.0;0.6363636363636364;0.8863636363636365;0.0;0
7;3;https://en.wikipedia.org/wiki/Object_database;oodbmss;0.25000000000000006;0.0;0.6363636363636364;0.8863636363636365;1.0;0
7;9;https://www.techopedia.com/definition/8639/object-oriented-database;information_represented;0.6250000000000001;0.028985507246376812;0.6363636363636364;1.2903491436100132;1.0;0
7;9;https://www.techopedia.com/definition/8639/object-oriented-database;subscribes;0.25000000000000006;0.028985507246376812;0.6363636363636364;0.9153491436100132;1.0;0
7;10;https://www.techopedia.com/definition/8639/object-oriented-database;successful;0.25000000000000006;0.028985507246376812;0.6363636363636364;0.9153491436100132;0.0;0
7;10;https://www.techopedia.com/definition/8639/object-oriented-database;niche_offering;0.6250000000000001;0.028985507246376812;0.6363636363636364;1.2903491436100132;0.0;0
7;10;https://www.techopedia.com/definition/8639/object-oriented-database;mainstream_database_engines;1.0;0.028985507246376812;0.6363636363636364;1.6653491436100132;0.0;0
7;10;https://www.techopedia.com/definition/8639/object-oriented-database;well_known;0.25000000000000006;0.028985507246376812;0.6363636363636364;0.9153491436100132;0.0;0
7;16;https://www.techopedia.com/definition/8639/object-oriented-database;normal_database_objects;0.8749999999999999;0.028985507246376812;0.6363636363636364;1.5403491436100132;0.0;0
7;16;https://www.techopedia.com/definition/8639/object-oriented-database;main_feature;0.6250000000000001;0.028985507246376812;0.6363636363636364;1.2903491436100132;0.0;0
7;17;https://www.techopedia.com/definition/8639/object-oriented-database;object_oriented_database;0.6250000000000001;0.057971014492753624;0.6363636363636364;1.3193346508563901;0.0;0
7;17;https://www.techopedia.com/definition/8639/object-oriented-database;define;0.25000000000000006;0.08695652173913043;0.6363636363636364;0.9733201581027668;0.0;0
7;18;https://www.techopedia.com/definition/8639/object-oriented-database;complexities;0.25000000000000006;0.0;0.6363636363636364;0.8863636363636365;0.7071067811865475;0
7;18;https://www.techopedia.com/definition/8639/object-oriented-database;unit;0.25000000000000006;0.028985507246376812;0.6363636363636364;0.9153491436100132;0.7071067811865475;0
7;19;https://www.techopedia.com/definition/8639/object-oriented-database;similar;0.25000000000000006;0.028985507246376812;0.6363636363636364;0.9153491436100132;1.0;0
7;20;https://www.techopedia.com/definition/8639/object-oriented-database;real_life_parallel;0.6250000000000001;0.028985507246376812;0.6363636363636364;1.2903491436100132;0.0;0
7;20;https://www.techopedia.com/definition/8639/object-oriented-database;car_engine;0.6250000000000001;0.028985507246376812;0.6363636363636364;1.2903491436100132;0.0;0
7;21;https://www.techopedia.com/definition/8639/object-oriented-database;composed;0.25000000000000006;0.028985507246376812;0.6363636363636364;0.9153491436100132;0.0;0
7;22;https://www.techopedia.com/definition/8639/object-oriented-database;exhaust_system;0.6250000000000001;0.028985507246376812;0.6363636363636364;1.2903491436100132;0.0;0
7;22;https://www.techopedia.com/definition/8639/object-oriented-database;main_cylinder_block;1.0;0.028985507246376812;0.6363636363636364;1.6653491436100132;0.0;0
7;22;https://www.techopedia.com/definition/8639/object-oriented-database;intake_manifold;0.6250000000000001;0.028985507246376812;0.6363636363636364;1.2903491436100132;0.0;0
7;23;https://www.techopedia.com/definition/8639/object-oriented-database;bolted;0.25000000000000006;0.028985507246376812;0.6363636363636364;0.9153491436100132;0.7071067811865475;0
7;23;https://www.techopedia.com/definition/8639/object-oriented-database;engine;0.25000000000000006;0.028985507246376812;0.6363636363636364;0.9153491436100132;0.7071067811865475;0
7;23;https://www.techopedia.com/definition/8639/object-oriented-database;collectively_referred;0.6250000000000001;0.028985507246376812;0.6363636363636364;1.2903491436100132;0.7071067811865475;0
7;23;https://www.techopedia.com/definition/8639/object-oriented-database;standalone_component;0.6250000000000001;0.028985507246376812;0.6363636363636364;1.2903491436100132;0.7071067811865475;0
7;24;https://www.techopedia.com/definition/8639/object-oriented-database;graded_measurement;0.6250000000000001;0.028985507246376812;0.6363636363636364;1.2903491436100132;0.9999999999999998;0
7;24;https://www.techopedia.com/definition/8639/object-oriented-database;vertical_line_intersecting;1.0;0.028985507246376812;0.6363636363636364;1.6653491436100132;0.9999999999999998;0
7;24;https://www.techopedia.com/definition/8639/object-oriented-database;lines;0.25000000000000006;0.0;0.6363636363636364;0.8863636363636365;0.9999999999999998;0
7;24;https://www.techopedia.com/definition/8639/object-oriented-database;perpendicular_horizontal_line;1.0;0.028985507246376812;0.6363636363636364;1.6653491436100132;0.9999999999999998;0
7;24;https://www.techopedia.com/definition/8639/object-oriented-database;components;0.25000000000000006;0.028985507246376812;0.6363636363636364;0.9153491436100132;0.9999999999999998;0
7;25;https://www.techopedia.com/definition/8639/object-oriented-database;collectively_labeled;0.6250000000000001;0.028985507246376812;0.6363636363636364;1.2903491436100132;0.7071067811865475;0
7;26;https://www.techopedia.com/definition/8639/object-oriented-database;created_graph;0.5312500000000001;0.028985507246376812;0.6363636363636364;1.1965991436100132;0.0;0
7;26;https://www.techopedia.com/definition/8639/object-oriented-database;plot_components;0.6250000000000001;0.028985507246376812;0.6363636363636364;1.2903491436100132;0.0;0
7;26;https://www.techopedia.com/definition/8639/object-oriented-database;utilizing;0.25000000000000006;0.028985507246376812;0.6363636363636364;0.9153491436100132;0.0;0
7;34;https://www.tutorialcup.com/dbms/object-based-data-models.htm;er_data_model;1.0;0.025;0.6363636363636364;1.6613636363636362;0.7071067811865475;0
7;34;https://www.tutorialcup.com/dbms/object-based-data-models.htm;important_data_model;1.0;0.025;0.6363636363636364;1.6613636363636362;0.7071067811865475;0
7;34;https://www.tutorialcup.com/dbms/object-based-data-models.htm;forms;0.25000000000000006;0.025;0.6363636363636364;0.9113636363636364;0.7071067811865475;0
7;34;https://www.tutorialcup.com/dbms/object-based-data-models.htm;database_world;0.6250000000000001;0.025;0.6363636363636364;1.2863636363636366;0.7071067811865475;0
7;36;https://www.tutorialcup.com/dbms/object-based-data-models.htm;tasks_performed;0.6250000000000001;0.025;0.6363636363636364;1.2863636363636366;0.7071067811865475;0
7;36;https://www.tutorialcup.com/dbms/object-based-data-models.htm;state;0.25000000000000006;0.025;0.6363636363636364;0.9113636363636364;0.7071067811865475;0
7;36;https://www.tutorialcup.com/dbms/object-based-data-models.htm;describes;0.25000000000000006;0.025;0.6363636363636364;0.9113636363636364;0.7071067811865475;0
7;38;https://www.tutorialcup.com/dbms/object-based-data-models.htm;form;0.25000000000000006;0.05;0.6363636363636364;0.9363636363636364;0.0;0
7;38;https://www.tutorialcup.com/dbms/object-based-data-models.htm;subjects;0.25000000000000006;0.025;0.6363636363636364;0.9113636363636364;0.0;0
7;38;https://www.tutorialcup.com/dbms/object-based-data-models.htm;marks;0.25000000000000006;0.025;0.6363636363636364;0.9113636363636364;0.0;0
7;38;https://www.tutorialcup.com/dbms/object-based-data-models.htm;maps_entities;0.6250000000000001;0.025;0.6363636363636364;1.2863636363636366;0.0;0
7;39;https://www.tutorialcup.com/dbms/object-based-data-models.htm;list_attributes;0.6250000000000001;0.025;0.6363636363636364;1.2863636363636366;0.7071067811865475;0
7;40;https://www.tutorialcup.com/dbms/object-based-data-models.htm;picture;0.25000000000000006;0.025;0.6363636363636364;0.9113636363636364;1.0;0
7;40;https://www.tutorialcup.com/dbms/object-based-data-models.htm;er_model_represents;1.0;0.025;0.6363636363636364;1.6613636363636362;1.0;0
7;40;https://www.tutorialcup.com/dbms/object-based-data-models.htm;developer_understand;0.6250000000000001;0.025;0.6363636363636364;1.2863636363636366;1.0;0
7;41;https://www.tutorialcup.com/dbms/object-based-data-models.htm;simple_er_diagram;1.0;0.025;0.6363636363636364;1.6613636363636362;0.0;0
7;41;https://www.tutorialcup.com/dbms/object-based-data-models.htm;drawn;0.25000000000000006;0.025;0.6363636363636364;0.9113636363636364;0.0;0
7;42;https://www.tutorialcup.com/dbms/object-based-data-models.htm;clear;0.25000000000000006;0.025;0.6363636363636364;0.9113636363636364;0.0;0
7;42;https://www.tutorialcup.com/dbms/object-based-data-models.htm;student_database;0.6250000000000001;0.025;0.6363636363636364;1.2863636363636366;0.0;0
7;42;https://www.tutorialcup.com/dbms/object-based-data-models.htm;entities_involved;0.6250000000000001;0.025;0.6363636363636364;1.2863636363636366;0.0;0
7;42;https://www.tutorialcup.com/dbms/object-based-data-models.htm;clean;0.25000000000000006;0.025;0.6363636363636364;0.9113636363636364;0.0;0
7;42;https://www.tutorialcup.com/dbms/object-based-data-models.htm;discussing;0.25000000000000006;0.025;0.6363636363636364;0.9113636363636364;0.0;0
7;43;https://www.tutorialcup.com/dbms/object-based-data-models.htm;clear_understanding;0.6250000000000001;0.025;0.6363636363636364;1.2863636363636366;0.0;0
7;43;https://www.tutorialcup.com/dbms/object-based-data-models.htm;scattered;0.25000000000000006;0.025;0.6363636363636364;0.9113636363636364;0.0;0
7;44;https://www.tutorialcup.com/dbms/object-based-data-models.htm;easily_identify;0.6250000000000001;0.025;0.6363636363636364;1.2863636363636366;0.0;0
7;44;https://www.tutorialcup.com/dbms/object-based-data-models.htm;missed;0.25000000000000006;0.025;0.6363636363636364;0.9113636363636364;0.0;0
7;45;https://www.tutorialcup.com/dbms/object-based-data-models.htm;difficult;0.25000000000000006;0.025;0.6363636363636364;0.9113636363636364;0.0;0
7;45;https://www.tutorialcup.com/dbms/object-based-data-models.htm;identify;0.25000000000000006;0.025;0.6363636363636364;0.9113636363636364;0.0;0
7;46;https://www.tutorialcup.com/dbms/object-based-data-models.htm;employee_database;0.6250000000000001;0.025;0.6363636363636364;1.2863636363636366;0.0;0
7;47;https://www.tutorialcup.com/dbms/object-based-data-models.htm;clark;0.25000000000000006;0.0;0.6363636363636364;0.8863636363636365;0.0;0
7;47;https://www.tutorialcup.com/dbms/object-based-data-models.htm;accountant;0.25000000000000006;0.025;0.6363636363636364;0.9113636363636364;0.0;0
7;47;https://www.tutorialcup.com/dbms/object-based-data-models.htm;employees___engineer;0.25000000000000006;0.025;0.6363636363636364;0.9113636363636364;0.0;0
7;48;https://www.tutorialcup.com/dbms/object-based-data-models.htm;employees_belong;0.6250000000000001;0.025;0.6363636363636364;1.2863636363636366;0.0;0
7;48;https://www.tutorialcup.com/dbms/object-based-data-models.htm;person_group;0.6250000000000001;0.025;0.6363636363636364;1.2863636363636366;0.0;0
7;49;https://www.tutorialcup.com/dbms/object-based-data-models.htm;phone;0.25000000000000006;0.025;0.6363636363636364;0.9113636363636364;1.0;0
7;50;https://www.tutorialcup.com/dbms/object-based-data-models.htm;sp_getphone;0.25000000000000006;0.025;0.6363636363636364;0.9113636363636364;0.0;0
7;50;https://www.tutorialcup.com/dbms/object-based-data-models.htm;separate_procedure_sp_getaddress;1.0;0.025;0.6363636363636364;1.6613636363636362;0.0;0
7;51;http://www.comptechdoc.org/independent/database/basicdb/dataobject.html;object_oriented_databases;1.0;0.044444444444444446;0.09090909090909091;1.1353535353535353;0.7071067811865475;0
7;53;http://www.comptechdoc.org/independent/database/basicdb/dataobject.html;object_oriented_languages;1.0;0.044444444444444446;0.6363636363636364;1.680808080808081;1.0;0
7;54;http://www.comptechdoc.org/independent/database/basicdb/dataobject.html;objects_basically_consist;1.0;0.044444444444444446;0.6363636363636364;1.680808080808081;0.0;0
7;55;http://www.comptechdoc.org/independent/database/basicdb/dataobject.html;attributes___attributes;1.0;0.044444444444444446;0.09090909090909091;1.1353535353535353;1.0;0
7;55;http://www.comptechdoc.org/independent/database/basicdb/dataobject.html;defines;0.25000000000000006;0.044444444444444446;0.2727272727272727;0.5671717171717172;1.0;0
7;56;http://www.comptechdoc.org/independent/database/basicdb/dataobject.html;complex_object;0.6250000000000001;0.044444444444444446;0.6363636363636364;1.305808080808081;0.0;0
7;57;http://www.comptechdoc.org/independent/database/basicdb/dataobject.html;formally_called_procedures;1.0;0.044444444444444446;0.6363636363636364;1.680808080808081;1.0;0
7;58;http://www.comptechdoc.org/independent/database/basicdb/dataobject.html;objects_don;0.6250000000000001;0.044444444444444446;0.6363636363636364;1.305808080808081;0.0;0
7;58;http://www.comptechdoc.org/independent/database/basicdb/dataobject.html;execution_time;0.6250000000000001;0.044444444444444446;0.6363636363636364;1.305808080808081;0.0;0
7;58;http://www.comptechdoc.org/independent/database/basicdb/dataobject.html;disassemble_objects;0.6250000000000001;0.044444444444444446;0.6363636363636364;1.305808080808081;0.0;0
7;58;http://www.comptechdoc.org/independent/database/basicdb/dataobject.html;require_assembly;0.6250000000000001;0.044444444444444446;0.6363636363636364;1.305808080808081;0.0;0
7;59;http://www.comptechdoc.org/independent/database/basicdb/dataobject.html;reduced_paging;0.6250000000000001;0.044444444444444446;0.6363636363636364;1.305808080808081;0.0;0
7;60;http://www.comptechdoc.org/independent/database/basicdb/dataobject.html;easier_navigation;0.6250000000000001;0.044444444444444446;0.6363636363636364;1.305808080808081;0.0;0
7;61;http://www.comptechdoc.org/independent/database/basicdb/dataobject.html;concurrency_control__;1.0;0.044444444444444446;0.6363636363636364;1.680808080808081;0.0;0
7;63;http://www.comptechdoc.org/independent/database/basicdb/dataobject.html;distributed_architectures;0.6250000000000001;0.044444444444444446;0.6363636363636364;1.305808080808081;0.0;0
7;64;http://www.comptechdoc.org/independent/database/basicdb/dataobject.html;code_required;0.6250000000000001;0.044444444444444446;0.6363636363636364;1.305808080808081;0.0;0
8;5;https://en.wikipedia.org/wiki/Database_model;related_structures;0.6250000000000001;0.5;0.6363636363636364;1.7613636363636362;0.0;0
8;5;https://en.wikipedia.org/wiki/Database_model;object_relational_database_combines;1.0;0.5;0.6363636363636364;2.1363636363636362;0.0;0
8;7;https://en.wikipedia.org/wiki/Database_model;inverted_index;0.6250000000000001;0.5;0.6363636363636364;1.7613636363636362;0.0;0
8;8;https://en.wikipedia.org/wiki/Database_model;flat_file;0.6250000000000001;0.5;0.1515151515151515;1.2765151515151514;0.0;0
8;26;https://www.techopedia.com/definition/25330/flat-database;single_table;0.6250000000000001;0.06060606060606061;0.6363636363636364;1.3219696969696972;1.0;0
8;26;https://www.techopedia.com/definition/25330/flat-database;delimiters;0.25000000000000006;0.0;0.6363636363636364;0.8863636363636365;1.0;0
8;26;https://www.techopedia.com/definition/25330/flat-database;simple_database_system;0.8749999999999999;0.06060606060606061;0.6363636363636364;1.5719696969696968;1.0;0
8;26;https://www.techopedia.com/definition/25330/flat-database;tabs;0.25000000000000006;0.06060606060606061;0.6363636363636364;0.946969696969697;1.0;0
8;26;https://www.techopedia.com/definition/25330/flat-database;single_rows;0.6250000000000001;0.06060606060606061;0.6363636363636364;1.3219696969696972;1.0;0
8;27;https://www.techopedia.com/definition/25330/flat-database;simple_text_file;1.0;0.06060606060606061;0.6363636363636364;1.6969696969696968;1.0;0
8;27;https://www.techopedia.com/definition/25330/flat-database;physically_represented;0.6250000000000001;0.06060606060606061;0.6363636363636364;1.3219696969696972;1.0;0
8;28;https://www.techopedia.com/definition/25330/flat-database;unsuitable;0.25000000000000006;0.06060606060606061;0.6363636363636364;0.946969696969697;0.0;0
8;28;https://www.techopedia.com/definition/25330/flat-database;represent;0.25000000000000006;0.06060606060606061;0.6363636363636364;0.946969696969697;0.0;0
8;28;https://www.techopedia.com/definition/25330/flat-database;flat_databases;0.6250000000000001;0.12121212121212122;0.6363636363636364;1.3825757575757578;0.0;0
8;29;https://www.techopedia.com/definition/25330/flat-database;integrating;0.25000000000000006;0.0;0.6363636363636364;0.8863636363636365;0.0;0
8;29;https://www.techopedia.com/definition/25330/flat-database;reduce;0.25000000000000006;0.06060606060606061;0.6363636363636364;0.946969696969697;0.0;0
8;29;https://www.techopedia.com/definition/25330/flat-database;complexity;0.25000000000000006;0.06060606060606061;0.6363636363636364;0.946969696969697;0.0;0
8;29;https://www.techopedia.com/definition/25330/flat-database;flat_files;0.6250000000000001;0.06060606060606061;0.6363636363636364;1.3219696969696972;0.0;0
8;29;https://www.techopedia.com/definition/25330/flat-database;cost;0.25000000000000006;0.06060606060606061;0.6363636363636364;0.946969696969697;0.0;0
8;29;https://www.techopedia.com/definition/25330/flat-database;application_developers;0.6250000000000001;0.06060606060606061;0.6363636363636364;1.3219696969696972;0.0;0
8;30;https://www.techopedia.com/definition/25330/flat-database;referred;0.25000000000000006;0.06060606060606061;0.6363636363636364;0.946969696969697;0.9999999999999998;0
8;36;https://www.computerhope.com/jargon/f/flatfile.htm;files;0.25000000000000006;0.11764705882352941;0.6363636363636364;1.0040106951871657;0.0;0
8;36;https://www.computerhope.com/jargon/f/flatfile.htm;non_relational_database;0.6250000000000001;0.11764705882352941;0.6363636363636364;1.379010695187166;0.0;0
8;36;https://www.computerhope.com/jargon/f/flatfile.htm;text_database;0.6250000000000001;0.11764705882352941;0.6363636363636364;1.379010695187166;0.0;0
8;36;https://www.computerhope.com/jargon/f/flatfile.htm;file;0.43750000000000006;0.11764705882352941;0.6363636363636364;1.1915106951871657;0.0;0
8;36;https://www.computerhope.com/jargon/f/flatfile.htm;alternatively_referred;0.6250000000000001;0.11764705882352941;0.6363636363636364;1.379010695187166;0.0;0
8;37;https://www.computerhope.com/jargon/f/flatfile.htm;separated;0.25000000000000006;0.11764705882352941;0.2727272727272727;0.6403743315508021;1.0;0
8;37;https://www.computerhope.com/jargon/f/flatfile.htm;kind;0.25000000000000006;0.0;0.6363636363636364;0.8863636363636365;1.0;0
8;37;https://www.computerhope.com/jargon/f/flatfile.htm;good;0.25000000000000006;0.11764705882352941;0.6363636363636364;1.0040106951871657;1.0;0
8;37;https://www.computerhope.com/jargon/f/flatfile.htm;data_needed;0.6250000000000001;0.11764705882352941;0.6363636363636364;1.379010695187166;1.0;0
8;37;https://www.computerhope.com/jargon/f/flatfile.htm;single_text_only_file;0.9375;0.11764705882352941;0.6363636363636364;1.6915106951871657;1.0;0
8;37;https://www.computerhope.com/jargon/f/flatfile.htm;delimiter;0.25000000000000006;0.0;0.6363636363636364;0.8863636363636365;1.0;0
8;38;http://www.ogcnetwork.net/node/191;implement_wfs_simple;1.0;0.5;0.6363636363636364;2.1363636363636362;0.0;0
8;38;http://www.ogcnetwork.net/node/191;3_easy_steps;0.375;0.5;0.6363636363636364;1.5113636363636362;0.0;0
8;38;http://www.ogcnetwork.net/node/191;flat_database;0.6250000000000001;0.5;0.1515151515151515;1.2765151515151514;0.0;0
