Category Match;0.4444444444444444;quartic function;algebraic_function;Fields of mathematics;2;Fields of mathematics;2
Category Match;0.4444444444444444;quartic function;algebraic_function;Fields of mathematics;2;Fields of mathematics;2
Category Match;0.4444444444444444;quartic function;algebraic_function;Mathematical analysis;2;Mathematical analysis;2
Category Match;0.4444444444444444;quartic function;algebraic_function;Mathematical analysis;2;Mathematical analysis;2
Category Match;0.7777777777777778;quartic function;algebraic_function;Mathematical analysis;2;Mathematical analysis;1
Category Match;0.4444444444444444;quartic function;algebraic_function;Mathematical analysis;2;Mathematical analysis;2
Category Match;0.4444444444444444;quartic function;algebraic_function;Mathematical analysis;2;Mathematical analysis;2
Category Match;0.4444444444444444;quartic function;algebraic_function;Mathematical analysis;2;Mathematical analysis;2
Category Match;0.4444444444444444;quartic function;algebraic_function;Mathematical analysis;2;Mathematical analysis;2
Category Match;0.4444444444444444;quartic function;algebraic_function;Fields of mathematics;2;Fields of mathematics;2
Category Match;0.4444444444444444;quartic function;algebraic_function;Fields of mathematics;2;Fields of mathematics;2
Category Match;0.4444444444444444;quartic function;algebraic_function;Fields of mathematics;2;Fields of mathematics;2
Category Match;0.4444444444444444;quartic function;algebraic_function;Fields of mathematics;2;Fields of mathematics;2
Category Match;0.5555555555555556;quartic function;algebraic_function;Mathematical objects;1;Mathematical objects;1
Category Match;0.1111111111111111;quartic function;algebraic_function;Mathematical objects;1;Mathematical objects;2
Category Match;0.4444444444444444;quartic function;algebraic_function;Philosophy of mathematics;2;Philosophy of mathematics;2
Category Match;0.4444444444444444;quartic function;algebraic_function;Abstraction;2;Abstraction;2
Category Match;0.4444444444444444;quartic function;algebraic_function;Mathematical concepts;2;Mathematical concepts;2
Category Match;0.4444444444444444;quartic function;algebraic_function;Mathematical concepts;2;Mathematical concepts;2
Category Match;0.1111111111111111;quartic function;algebraic_function;Functions and mappings;1;Functions and mappings;2
Category Match;0.8888888888888888;quartic function;algebraic_function;Functions and mappings;1;Functions and mappings;0
Category Match;0.1111111111111111;quartic function;algebraic_function;Functions and mappings;1;Functions and mappings;2
Category Match;0.1111111111111111;quartic function;algebraic_function;Functions and mappings;1;Functions and mappings;2
Category Match;0.5555555555555556;quartic function;algebraic_function;Functions and mappings;1;Functions and mappings;1
Category Match;0.7777777777777778;quartic function;algebraic_function;Mathematical objects;2;Mathematical objects;1
Category Match;0.4444444444444444;quartic function;algebraic_function;Mathematical objects;2;Mathematical objects;2
Category Match;0.4444444444444444;quartic function;algebraic_function;Mathematical analysis;2;Mathematical analysis;2
Category Match;0.4444444444444444;quartic function;algebraic_function;Mathematical analysis;2;Mathematical analysis;2
Category Match;0.7777777777777778;quartic function;algebraic_function;Mathematical analysis;2;Mathematical analysis;1
Category Match;0.4444444444444444;quartic function;algebraic_function;Mathematical analysis;2;Mathematical analysis;2
Category Match;0.4444444444444444;quartic function;algebraic_function;Mathematical analysis;2;Mathematical analysis;2
Category Match;0.4444444444444444;quartic function;algebraic_function;Mathematical analysis;2;Mathematical analysis;2
Category Match;0.4444444444444444;quartic function;algebraic_function;Mathematical analysis;2;Mathematical analysis;2
Category Match;0.7777777777777778;quartic function;algebraic_function;Mathematical relations;2;Mathematical relations;1
Category Match;0.4444444444444444;quartic function;algebraic_function;Mathematical relations;2;Mathematical relations;2
Category Match;0.8888888888888888;quartic function;algebraic_function;Analytic functions;1;Analytic functions;0
Category Match;0.7777777777777778;quartic function;algebraic_function;Types of functions;2;Types of functions;1
Category Match;0.4444444444444444;quartic function;algebraic_function;Types of functions;2;Types of functions;2
Category Match;0.7777777777777778;quartic function;algebraic_function;Types of functions;2;Types of functions;1
Category Match;0.7777777777777778;quartic function;algebraic_function;Types of functions;2;Types of functions;1
Category Match;1.0;quartic function;algebraic_function;Types of functions;2;Types of functions;0
Category Match;0.7777777777777778;quartic function;algebraic_function;Real analysis;2;Real analysis;1
Category Match;0.4444444444444444;quartic function;algebraic_function;Real analysis;2;Real analysis;2
Category Match;0.7777777777777778;quartic function;algebraic_function;Complex analysis;2;Complex analysis;1
Category Match;0.7777777777777778;quartic function;algebraic_function;Complex analysis;2;Complex analysis;1
Category Match;0.7777777777777778;quartic function;algebraic_function;Complex analysis;2;Complex analysis;1
Category Match;0.7777777777777778;quartic function;algebraic_function;Smooth functions;2;Smooth functions;1
Category Match;0.5555555555555556;quartic function;algebraic_function;Types of functions;1;Types of functions;1
Category Match;0.1111111111111111;quartic function;algebraic_function;Types of functions;1;Types of functions;2
Category Match;0.5555555555555556;quartic function;algebraic_function;Types of functions;1;Types of functions;1
Category Match;0.5555555555555556;quartic function;algebraic_function;Types of functions;1;Types of functions;1
Category Match;0.8888888888888888;quartic function;algebraic_function;Types of functions;1;Types of functions;0
Category Match;0.4444444444444444;quartic function;algebraic_function;Functions and mappings;2;Functions and mappings;2
Category Match;1.0;quartic function;algebraic_function;Functions and mappings;2;Functions and mappings;0
Category Match;0.4444444444444444;quartic function;algebraic_function;Functions and mappings;2;Functions and mappings;2
Category Match;0.4444444444444444;quartic function;algebraic_function;Functions and mappings;2;Functions and mappings;2
Category Match;0.7777777777777778;quartic function;algebraic_function;Functions and mappings;2;Functions and mappings;1
Category Match;0.4444444444444444;quintic function;algebraic_function;Fields of mathematics;2;Fields of mathematics;2
Category Match;0.4444444444444444;quintic function;algebraic_function;Fields of mathematics;2;Fields of mathematics;2
Category Match;0.4444444444444444;quintic function;algebraic_function;Mathematical analysis;2;Mathematical analysis;2
Category Match;0.4444444444444444;quintic function;algebraic_function;Mathematical analysis;2;Mathematical analysis;2
Category Match;0.7777777777777778;quintic function;algebraic_function;Mathematical analysis;2;Mathematical analysis;1
Category Match;0.4444444444444444;quintic function;algebraic_function;Mathematical analysis;2;Mathematical analysis;2
Category Match;0.4444444444444444;quintic function;algebraic_function;Mathematical analysis;2;Mathematical analysis;2
Category Match;0.4444444444444444;quintic function;algebraic_function;Mathematical analysis;2;Mathematical analysis;2
Category Match;0.4444444444444444;quintic function;algebraic_function;Mathematical analysis;2;Mathematical analysis;2
Category Match;0.5555555555555556;quintic function;algebraic_function;Mathematical objects;1;Mathematical objects;1
Category Match;0.1111111111111111;quintic function;algebraic_function;Mathematical objects;1;Mathematical objects;2
Category Match;0.4444444444444444;quintic function;algebraic_function;Philosophy of mathematics;2;Philosophy of mathematics;2
Category Match;0.4444444444444444;quintic function;algebraic_function;Abstraction;2;Abstraction;2
Category Match;0.4444444444444444;quintic function;algebraic_function;Mathematical concepts;2;Mathematical concepts;2
Category Match;0.4444444444444444;quintic function;algebraic_function;Mathematical concepts;2;Mathematical concepts;2
Category Match;0.1111111111111111;quintic function;algebraic_function;Group theory;1;Group theory;2
Category Match;0.1111111111111111;quintic function;algebraic_function;Functions and mappings;1;Functions and mappings;2
Category Match;0.8888888888888888;quintic function;algebraic_function;Functions and mappings;1;Functions and mappings;0
Category Match;0.1111111111111111;quintic function;algebraic_function;Functions and mappings;1;Functions and mappings;2
Category Match;0.1111111111111111;quintic function;algebraic_function;Functions and mappings;1;Functions and mappings;2
Category Match;0.5555555555555556;quintic function;algebraic_function;Functions and mappings;1;Functions and mappings;1
Category Match;0.7777777777777778;quintic function;algebraic_function;Mathematical objects;2;Mathematical objects;1
Category Match;0.4444444444444444;quintic function;algebraic_function;Mathematical objects;2;Mathematical objects;2
Category Match;0.4444444444444444;quintic function;algebraic_function;Mathematical analysis;2;Mathematical analysis;2
Category Match;0.4444444444444444;quintic function;algebraic_function;Mathematical analysis;2;Mathematical analysis;2
Category Match;0.7777777777777778;quintic function;algebraic_function;Mathematical analysis;2;Mathematical analysis;1
Category Match;0.4444444444444444;quintic function;algebraic_function;Mathematical analysis;2;Mathematical analysis;2
Category Match;0.4444444444444444;quintic function;algebraic_function;Mathematical analysis;2;Mathematical analysis;2
Category Match;0.4444444444444444;quintic function;algebraic_function;Mathematical analysis;2;Mathematical analysis;2
Category Match;0.4444444444444444;quintic function;algebraic_function;Mathematical analysis;2;Mathematical analysis;2
Category Match;0.7777777777777778;quintic function;algebraic_function;Mathematical relations;2;Mathematical relations;1
Category Match;0.4444444444444444;quintic function;algebraic_function;Mathematical relations;2;Mathematical relations;2
Category Match;0.8888888888888888;quintic function;algebraic_function;Analytic functions;1;Analytic functions;0
Category Match;0.7777777777777778;quintic function;algebraic_function;Types of functions;2;Types of functions;1
Category Match;0.4444444444444444;quintic function;algebraic_function;Types of functions;2;Types of functions;2
Category Match;0.7777777777777778;quintic function;algebraic_function;Types of functions;2;Types of functions;1
Category Match;0.7777777777777778;quintic function;algebraic_function;Types of functions;2;Types of functions;1
Category Match;1.0;quintic function;algebraic_function;Types of functions;2;Types of functions;0
Category Match;0.7777777777777778;quintic function;algebraic_function;Real analysis;2;Real analysis;1
Category Match;0.4444444444444444;quintic function;algebraic_function;Real analysis;2;Real analysis;2
Category Match;0.7777777777777778;quintic function;algebraic_function;Complex analysis;2;Complex analysis;1
Category Match;0.7777777777777778;quintic function;algebraic_function;Complex analysis;2;Complex analysis;1
Category Match;0.7777777777777778;quintic function;algebraic_function;Complex analysis;2;Complex analysis;1
Category Match;0.7777777777777778;quintic function;algebraic_function;Smooth functions;2;Smooth functions;1
Category Match;0.5555555555555556;quintic function;algebraic_function;Types of functions;1;Types of functions;1
Category Match;0.1111111111111111;quintic function;algebraic_function;Types of functions;1;Types of functions;2
Category Match;0.5555555555555556;quintic function;algebraic_function;Types of functions;1;Types of functions;1
Category Match;0.5555555555555556;quintic function;algebraic_function;Types of functions;1;Types of functions;1
Category Match;0.8888888888888888;quintic function;algebraic_function;Types of functions;1;Types of functions;0
Category Match;0.4444444444444444;quintic function;algebraic_function;Functions and mappings;2;Functions and mappings;2
Category Match;1.0;quintic function;algebraic_function;Functions and mappings;2;Functions and mappings;0
Category Match;0.4444444444444444;quintic function;algebraic_function;Functions and mappings;2;Functions and mappings;2
Category Match;0.4444444444444444;quintic function;algebraic_function;Functions and mappings;2;Functions and mappings;2
Category Match;0.7777777777777778;quintic function;algebraic_function;Functions and mappings;2;Functions and mappings;1
Category Match;0.4444444444444444;algebraic equation;algebraic_function;Fields of mathematics;2;Fields of mathematics;2
Category Match;0.4444444444444444;algebraic equation;algebraic_function;Fields of mathematics;2;Fields of mathematics;2
Category Match;0.4444444444444444;algebraic equation;algebraic_function;Mathematical analysis;2;Mathematical analysis;2
Category Match;0.4444444444444444;algebraic equation;algebraic_function;Mathematical analysis;2;Mathematical analysis;2
Category Match;0.7777777777777778;algebraic equation;algebraic_function;Mathematical analysis;2;Mathematical analysis;1
Category Match;0.4444444444444444;algebraic equation;algebraic_function;Mathematical analysis;2;Mathematical analysis;2
Category Match;0.4444444444444444;algebraic equation;algebraic_function;Mathematical analysis;2;Mathematical analysis;2
Category Match;0.4444444444444444;algebraic equation;algebraic_function;Mathematical analysis;2;Mathematical analysis;2
Category Match;0.4444444444444444;algebraic equation;algebraic_function;Mathematical analysis;2;Mathematical analysis;2
Category Match;0.5555555555555556;algebraic equation;algebraic_function;Mathematical objects;1;Mathematical objects;1
Category Match;0.1111111111111111;algebraic equation;algebraic_function;Mathematical objects;1;Mathematical objects;2
Category Match;0.4444444444444444;algebraic equation;algebraic_function;Philosophy of mathematics;2;Philosophy of mathematics;2
Category Match;0.4444444444444444;algebraic equation;algebraic_function;Abstraction;2;Abstraction;2
Category Match;0.4444444444444444;algebraic equation;algebraic_function;Mathematical concepts;2;Mathematical concepts;2
Category Match;0.4444444444444444;algebraic equation;algebraic_function;Mathematical concepts;2;Mathematical concepts;2
Category Match;0.4444444444444444;line (geometry);algebraic_function;Fields of mathematics;2;Fields of mathematics;2
Category Match;0.4444444444444444;line (geometry);algebraic_function;Fields of mathematics;2;Fields of mathematics;2
Category Match;0.4444444444444444;line (geometry);algebraic_function;Fields of mathematics;2;Fields of mathematics;2
Category Match;0.4444444444444444;line (geometry);algebraic_function;Fields of mathematics;2;Fields of mathematics;2
Category Match;0.4444444444444444;line (geometry);algebraic_function;Fields of mathematics;2;Fields of mathematics;2
Category Match;0.4444444444444444;line (geometry);algebraic_function;Fields of mathematics;2;Fields of mathematics;2
Category Match;0.2222222222222222;line (geometry);algebraic_function;Mathematical concepts;0;Mathematical concepts;2
Category Match;0.2222222222222222;line (geometry);algebraic_function;Mathematical concepts;0;Mathematical concepts;2
Category Match;0.4444444444444444;line (geometry);algebraic_function;Abstraction;2;Abstraction;2
Category Match;0.4444444444444444;sextic equation;algebraic_function;Fields of mathematics;2;Fields of mathematics;2
Category Match;0.4444444444444444;sextic equation;algebraic_function;Fields of mathematics;2;Fields of mathematics;2
Category Match;0.4444444444444444;sextic equation;algebraic_function;Mathematical analysis;2;Mathematical analysis;2
Category Match;0.4444444444444444;sextic equation;algebraic_function;Mathematical analysis;2;Mathematical analysis;2
Category Match;0.7777777777777778;sextic equation;algebraic_function;Mathematical analysis;2;Mathematical analysis;1
Category Match;0.4444444444444444;sextic equation;algebraic_function;Mathematical analysis;2;Mathematical analysis;2
Category Match;0.4444444444444444;sextic equation;algebraic_function;Mathematical analysis;2;Mathematical analysis;2
Category Match;0.4444444444444444;sextic equation;algebraic_function;Mathematical analysis;2;Mathematical analysis;2
Category Match;0.4444444444444444;sextic equation;algebraic_function;Mathematical analysis;2;Mathematical analysis;2
Category Match;0.5555555555555556;sextic equation;algebraic_function;Mathematical objects;1;Mathematical objects;1
Category Match;0.1111111111111111;sextic equation;algebraic_function;Mathematical objects;1;Mathematical objects;2
Category Match;0.4444444444444444;sextic equation;algebraic_function;Philosophy of mathematics;2;Philosophy of mathematics;2
Category Match;0.4444444444444444;sextic equation;algebraic_function;Abstraction;2;Abstraction;2
Category Match;0.4444444444444444;sextic equation;algebraic_function;Mathematical concepts;2;Mathematical concepts;2
Category Match;0.4444444444444444;sextic equation;algebraic_function;Mathematical concepts;2;Mathematical concepts;2
Category Match;0.1111111111111111;sextic equation;algebraic_function;Group theory;1;Group theory;2
Category Match;0.7777777777777778;real number;algebraic_function;Mathematical objects;2;Mathematical objects;1
Category Match;0.4444444444444444;real number;algebraic_function;Mathematical objects;2;Mathematical objects;2
Category Match;0.7777777777777778;real number;algebraic_function;Complex analysis;2;Complex analysis;1
Category Match;0.7777777777777778;real number;algebraic_function;Complex analysis;2;Complex analysis;1
Category Match;0.7777777777777778;real number;algebraic_function;Complex analysis;2;Complex analysis;1
Category Match;0.5555555555555556;real number;algebraic_function;Real analysis;1;Real analysis;1
Category Match;0.1111111111111111;real number;algebraic_function;Real analysis;1;Real analysis;2
Category Match;0.4444444444444444;real number;algebraic_function;Mathematical analysis;2;Mathematical analysis;2
Category Match;0.4444444444444444;real number;algebraic_function;Mathematical analysis;2;Mathematical analysis;2
Category Match;0.7777777777777778;real number;algebraic_function;Mathematical analysis;2;Mathematical analysis;1
Category Match;0.4444444444444444;real number;algebraic_function;Mathematical analysis;2;Mathematical analysis;2
Category Match;0.4444444444444444;real number;algebraic_function;Mathematical analysis;2;Mathematical analysis;2
Category Match;0.4444444444444444;real number;algebraic_function;Mathematical analysis;2;Mathematical analysis;2
Category Match;0.4444444444444444;real number;algebraic_function;Mathematical analysis;2;Mathematical analysis;2
Category Match;0.1111111111111111;real number;algebraic_function;Fields of mathematics;1;Fields of mathematics;2
Category Match;0.1111111111111111;real number;algebraic_function;Fields of mathematics;1;Fields of mathematics;2
Category Match;0.1111111111111111;rational number;algebraic_function;Fields of mathematics;1;Fields of mathematics;2
Category Match;0.1111111111111111;rational number;algebraic_function;Fields of mathematics;1;Fields of mathematics;2
Category Match;0.4444444444444444;rational number;algebraic_function;Fields of mathematics;2;Fields of mathematics;2
Category Match;0.4444444444444444;rational number;algebraic_function;Fields of mathematics;2;Fields of mathematics;2
Category Match;0.7777777777777778;rational number;algebraic_function;Mathematical objects;2;Mathematical objects;1
Category Match;0.4444444444444444;rational number;algebraic_function;Mathematical objects;2;Mathematical objects;2
Category Match;0.7777777777777778;rational number;algebraic_function;Real analysis;2;Real analysis;1
Category Match;0.4444444444444444;rational number;algebraic_function;Real analysis;2;Real analysis;2
Category Match;0.4444444444444444;quadratic function;algebraic_function;Fields of mathematics;2;Fields of mathematics;2
Category Match;0.4444444444444444;quadratic function;algebraic_function;Fields of mathematics;2;Fields of mathematics;2
Category Match;0.4444444444444444;quadratic function;algebraic_function;Mathematical analysis;2;Mathematical analysis;2
Category Match;0.4444444444444444;quadratic function;algebraic_function;Mathematical analysis;2;Mathematical analysis;2
Category Match;0.7777777777777778;quadratic function;algebraic_function;Mathematical analysis;2;Mathematical analysis;1
Category Match;0.4444444444444444;quadratic function;algebraic_function;Mathematical analysis;2;Mathematical analysis;2
Category Match;0.4444444444444444;quadratic function;algebraic_function;Mathematical analysis;2;Mathematical analysis;2
Category Match;0.4444444444444444;quadratic function;algebraic_function;Mathematical analysis;2;Mathematical analysis;2
Category Match;0.4444444444444444;quadratic function;algebraic_function;Mathematical analysis;2;Mathematical analysis;2
Category Match;0.1111111111111111;quadratic function;algebraic_function;Functions and mappings;1;Functions and mappings;2
Category Match;0.8888888888888888;quadratic function;algebraic_function;Functions and mappings;1;Functions and mappings;0
Category Match;0.1111111111111111;quadratic function;algebraic_function;Functions and mappings;1;Functions and mappings;2
Category Match;0.1111111111111111;quadratic function;algebraic_function;Functions and mappings;1;Functions and mappings;2
Category Match;0.5555555555555556;quadratic function;algebraic_function;Functions and mappings;1;Functions and mappings;1
Category Match;0.7777777777777778;quadratic function;algebraic_function;Mathematical objects;2;Mathematical objects;1
Category Match;0.4444444444444444;quadratic function;algebraic_function;Mathematical objects;2;Mathematical objects;2
Category Match;0.4444444444444444;quadratic function;algebraic_function;Mathematical analysis;2;Mathematical analysis;2
Category Match;0.4444444444444444;quadratic function;algebraic_function;Mathematical analysis;2;Mathematical analysis;2
Category Match;0.7777777777777778;quadratic function;algebraic_function;Mathematical analysis;2;Mathematical analysis;1
Category Match;0.4444444444444444;quadratic function;algebraic_function;Mathematical analysis;2;Mathematical analysis;2
Category Match;0.4444444444444444;quadratic function;algebraic_function;Mathematical analysis;2;Mathematical analysis;2
Category Match;0.4444444444444444;quadratic function;algebraic_function;Mathematical analysis;2;Mathematical analysis;2
Category Match;0.4444444444444444;quadratic function;algebraic_function;Mathematical analysis;2;Mathematical analysis;2
Category Match;0.7777777777777778;quadratic function;algebraic_function;Mathematical relations;2;Mathematical relations;1
Category Match;0.4444444444444444;quadratic function;algebraic_function;Mathematical relations;2;Mathematical relations;2
Category Match;0.8888888888888888;quadratic function;algebraic_function;Analytic functions;1;Analytic functions;0
Category Match;0.7777777777777778;quadratic function;algebraic_function;Types of functions;2;Types of functions;1
Category Match;0.4444444444444444;quadratic function;algebraic_function;Types of functions;2;Types of functions;2
Category Match;0.7777777777777778;quadratic function;algebraic_function;Types of functions;2;Types of functions;1
Category Match;0.7777777777777778;quadratic function;algebraic_function;Types of functions;2;Types of functions;1
Category Match;1.0;quadratic function;algebraic_function;Types of functions;2;Types of functions;0
Category Match;0.7777777777777778;quadratic function;algebraic_function;Real analysis;2;Real analysis;1
Category Match;0.4444444444444444;quadratic function;algebraic_function;Real analysis;2;Real analysis;2
Category Match;0.7777777777777778;quadratic function;algebraic_function;Complex analysis;2;Complex analysis;1
Category Match;0.7777777777777778;quadratic function;algebraic_function;Complex analysis;2;Complex analysis;1
Category Match;0.7777777777777778;quadratic function;algebraic_function;Complex analysis;2;Complex analysis;1
Category Match;0.7777777777777778;quadratic function;algebraic_function;Smooth functions;2;Smooth functions;1
Category Match;0.5555555555555556;quadratic function;algebraic_function;Types of functions;1;Types of functions;1
Category Match;0.1111111111111111;quadratic function;algebraic_function;Types of functions;1;Types of functions;2
Category Match;0.5555555555555556;quadratic function;algebraic_function;Types of functions;1;Types of functions;1
Category Match;0.5555555555555556;quadratic function;algebraic_function;Types of functions;1;Types of functions;1
Category Match;0.8888888888888888;quadratic function;algebraic_function;Types of functions;1;Types of functions;0
Category Match;0.4444444444444444;quadratic function;algebraic_function;Functions and mappings;2;Functions and mappings;2
Category Match;1.0;quadratic function;algebraic_function;Functions and mappings;2;Functions and mappings;0
Category Match;0.4444444444444444;quadratic function;algebraic_function;Functions and mappings;2;Functions and mappings;2
Category Match;0.4444444444444444;quadratic function;algebraic_function;Functions and mappings;2;Functions and mappings;2
Category Match;0.7777777777777778;quadratic function;algebraic_function;Functions and mappings;2;Functions and mappings;1
Category Match;0.4444444444444444;quadratic function;algebraic_function;Algebraic curves;2;Algebraic curves;2
Category Match;0.4444444444444444;quadratic function;algebraic_function;Differential geometry;2;Differential geometry;2
Category Match;0.4444444444444444;quadratic function;algebraic_function;Differential geometry;2;Differential geometry;2
Category Match;0.4444444444444444;quadratic function;algebraic_function;Manifolds;2;Manifolds;2
Category Match;0.4444444444444444;sine wave;algebraic_function;Fields of mathematics;2;Fields of mathematics;2
Category Match;0.4444444444444444;sine wave;algebraic_function;Fields of mathematics;2;Fields of mathematics;2
Category Match;1.0;sine wave;algebraic_function;Special functions;2;Special functions;0
Category Match;0.3333333333333333;taylor series;algebraic_function;Real analysis;0;Real analysis;1
Category Match;0.2222222222222222;taylor series;algebraic_function;Real analysis;0;Real analysis;2
Category Match;0.1111111111111111;taylor series;algebraic_function;Mathematical analysis;1;Mathematical analysis;2
Category Match;0.1111111111111111;taylor series;algebraic_function;Mathematical analysis;1;Mathematical analysis;2
Category Match;0.5555555555555556;taylor series;algebraic_function;Mathematical analysis;1;Mathematical analysis;1
Category Match;0.1111111111111111;taylor series;algebraic_function;Mathematical analysis;1;Mathematical analysis;2
Category Match;0.1111111111111111;taylor series;algebraic_function;Mathematical analysis;1;Mathematical analysis;2
Category Match;0.1111111111111111;taylor series;algebraic_function;Mathematical analysis;1;Mathematical analysis;2
Category Match;0.1111111111111111;taylor series;algebraic_function;Mathematical analysis;1;Mathematical analysis;2
Category Match;0.4444444444444444;taylor series;algebraic_function;Fields of mathematics;2;Fields of mathematics;2
Category Match;0.4444444444444444;taylor series;algebraic_function;Fields of mathematics;2;Fields of mathematics;2
Category Match;0.4444444444444444;taylor series;algebraic_function;Analysis;2;Analysis;2
Category Match;0.3333333333333333;taylor series;algebraic_function;Complex analysis;0;Complex analysis;1
Category Match;0.3333333333333333;taylor series;algebraic_function;Complex analysis;0;Complex analysis;1
Category Match;0.3333333333333333;taylor series;algebraic_function;Complex analysis;0;Complex analysis;1
Category Match;0.1111111111111111;taylor series;algebraic_function;Mathematical analysis;1;Mathematical analysis;2
Category Match;0.1111111111111111;taylor series;algebraic_function;Mathematical analysis;1;Mathematical analysis;2
Category Match;0.5555555555555556;taylor series;algebraic_function;Mathematical analysis;1;Mathematical analysis;1
Category Match;0.1111111111111111;taylor series;algebraic_function;Mathematical analysis;1;Mathematical analysis;2
Category Match;0.1111111111111111;taylor series;algebraic_function;Mathematical analysis;1;Mathematical analysis;2
Category Match;0.1111111111111111;taylor series;algebraic_function;Mathematical analysis;1;Mathematical analysis;2
Category Match;0.1111111111111111;taylor series;algebraic_function;Mathematical analysis;1;Mathematical analysis;2
Category Match;0.4444444444444444;taylor series;algebraic_function;Fields of mathematics;2;Fields of mathematics;2
Category Match;0.4444444444444444;taylor series;algebraic_function;Fields of mathematics;2;Fields of mathematics;2
Category Match;0.4444444444444444;taylor series;algebraic_function;Analysis;2;Analysis;2
Category Match;0.1111111111111111;taylor series;algebraic_function;Mathematical analysis;1;Mathematical analysis;2
Category Match;0.1111111111111111;taylor series;algebraic_function;Mathematical analysis;1;Mathematical analysis;2
Category Match;0.5555555555555556;taylor series;algebraic_function;Mathematical analysis;1;Mathematical analysis;1
Category Match;0.1111111111111111;taylor series;algebraic_function;Mathematical analysis;1;Mathematical analysis;2
Category Match;0.1111111111111111;taylor series;algebraic_function;Mathematical analysis;1;Mathematical analysis;2
Category Match;0.1111111111111111;taylor series;algebraic_function;Mathematical analysis;1;Mathematical analysis;2
Category Match;0.1111111111111111;taylor series;algebraic_function;Mathematical analysis;1;Mathematical analysis;2
Category Match;0.4444444444444444;taylor series;algebraic_function;Fields of mathematics;2;Fields of mathematics;2
Category Match;0.4444444444444444;taylor series;algebraic_function;Fields of mathematics;2;Fields of mathematics;2
Category Match;0.4444444444444444;taylor series;algebraic_function;Analysis;2;Analysis;2
Category Match;0.4444444444444444;taylor series;algebraic_function;Fields of mathematics;2;Fields of mathematics;2
Category Match;0.4444444444444444;taylor series;algebraic_function;Fields of mathematics;2;Fields of mathematics;2
Category Match;0.4444444444444444;linear equation;algebraic_function;Fields of mathematics;2;Fields of mathematics;2
Category Match;0.4444444444444444;linear equation;algebraic_function;Fields of mathematics;2;Fields of mathematics;2
Category Match;0.4444444444444444;linear equation;algebraic_function;Mathematical analysis;2;Mathematical analysis;2
Category Match;0.4444444444444444;linear equation;algebraic_function;Mathematical analysis;2;Mathematical analysis;2
Category Match;0.7777777777777778;linear equation;algebraic_function;Mathematical analysis;2;Mathematical analysis;1
Category Match;0.4444444444444444;linear equation;algebraic_function;Mathematical analysis;2;Mathematical analysis;2
Category Match;0.4444444444444444;linear equation;algebraic_function;Mathematical analysis;2;Mathematical analysis;2
Category Match;0.4444444444444444;linear equation;algebraic_function;Mathematical analysis;2;Mathematical analysis;2
Category Match;0.4444444444444444;linear equation;algebraic_function;Mathematical analysis;2;Mathematical analysis;2
Category Match;0.4444444444444444;linear equation;algebraic_function;Fields of mathematics;2;Fields of mathematics;2
Category Match;0.4444444444444444;linear equation;algebraic_function;Fields of mathematics;2;Fields of mathematics;2
Category Match;0.4444444444444444;linear equation;algebraic_function;Fields of mathematics;2;Fields of mathematics;2
Category Match;0.4444444444444444;linear equation;algebraic_function;Fields of mathematics;2;Fields of mathematics;2
Category Match;0.5555555555555556;linear equation;algebraic_function;Mathematical objects;1;Mathematical objects;1
Category Match;0.1111111111111111;linear equation;algebraic_function;Mathematical objects;1;Mathematical objects;2
Category Match;0.4444444444444444;linear equation;algebraic_function;Philosophy of mathematics;2;Philosophy of mathematics;2
Category Match;0.4444444444444444;linear equation;algebraic_function;Abstraction;2;Abstraction;2
Category Match;0.4444444444444444;linear equation;algebraic_function;Mathematical concepts;2;Mathematical concepts;2
Category Match;0.4444444444444444;linear equation;algebraic_function;Mathematical concepts;2;Mathematical concepts;2
Category Match;0.1111111111111111;canonical form;algebraic_function;Fields of mathematics;1;Fields of mathematics;2
Category Match;0.1111111111111111;canonical form;algebraic_function;Fields of mathematics;1;Fields of mathematics;2
Category Match;0.4444444444444444;canonical form;algebraic_function;Abstraction;2;Abstraction;2
Category Match;0.4444444444444444;canonical form;algebraic_function;Abstraction;2;Abstraction;2
Category Match;0.1111111111111111;canonical form;algebraic_function;Philosophy of mathematics;1;Philosophy of mathematics;2
Category Match;0.4444444444444444;canonical form;algebraic_function;Philosophy of mathematics;2;Philosophy of mathematics;2
Category Match;1.0;logarithm;algebraic_function;Special functions;2;Special functions;0
Category Match;0.8888888888888888;logarithm;algebraic_function;Special functions;1;Special functions;0
Category Match;0.7777777777777778;logarithm;algebraic_function;Types of functions;2;Types of functions;1
Category Match;0.4444444444444444;logarithm;algebraic_function;Types of functions;2;Types of functions;2
Category Match;0.7777777777777778;logarithm;algebraic_function;Types of functions;2;Types of functions;1
Category Match;0.7777777777777778;logarithm;algebraic_function;Types of functions;2;Types of functions;1
Category Match;1.0;logarithm;algebraic_function;Types of functions;2;Types of functions;0
Category Match;0.7777777777777778;logarithm;algebraic_function;Complex analysis;2;Complex analysis;1
Category Match;0.7777777777777778;logarithm;algebraic_function;Complex analysis;2;Complex analysis;1
Category Match;0.7777777777777778;logarithm;algebraic_function;Complex analysis;2;Complex analysis;1
Category Match;0.7777777777777778;logarithm;algebraic_function;Combinatorics;2;Combinatorics;1
Category Match;0.7777777777777778;logarithm;algebraic_function;Lie groups;2;Lie groups;1
Category Match;1.0;exponential decay;algebraic_function;Special functions;2;Special functions;0
Category Match;0.3333333333333333;power function;algebraic_function;Types of functions;0;Types of functions;1
Category Match;0.2222222222222222;power function;algebraic_function;Types of functions;0;Types of functions;2
Category Match;0.3333333333333333;power function;algebraic_function;Types of functions;0;Types of functions;1
Category Match;0.3333333333333333;power function;algebraic_function;Types of functions;0;Types of functions;1
Category Match;0.6666666666666666;power function;algebraic_function;Types of functions;0;Types of functions;0
Category Match;0.1111111111111111;power function;algebraic_function;Functions and mappings;1;Functions and mappings;2
Category Match;0.8888888888888888;power function;algebraic_function;Functions and mappings;1;Functions and mappings;0
Category Match;0.1111111111111111;power function;algebraic_function;Functions and mappings;1;Functions and mappings;2
Category Match;0.1111111111111111;power function;algebraic_function;Functions and mappings;1;Functions and mappings;2
Category Match;0.5555555555555556;power function;algebraic_function;Functions and mappings;1;Functions and mappings;1
Category Match;0.7777777777777778;power function;algebraic_function;Mathematical objects;2;Mathematical objects;1
Category Match;0.4444444444444444;power function;algebraic_function;Mathematical objects;2;Mathematical objects;2
Category Match;0.4444444444444444;power function;algebraic_function;Mathematical analysis;2;Mathematical analysis;2
Category Match;0.4444444444444444;power function;algebraic_function;Mathematical analysis;2;Mathematical analysis;2
Category Match;0.7777777777777778;power function;algebraic_function;Mathematical analysis;2;Mathematical analysis;1
Category Match;0.4444444444444444;power function;algebraic_function;Mathematical analysis;2;Mathematical analysis;2
Category Match;0.4444444444444444;power function;algebraic_function;Mathematical analysis;2;Mathematical analysis;2
Category Match;0.4444444444444444;power function;algebraic_function;Mathematical analysis;2;Mathematical analysis;2
Category Match;0.4444444444444444;power function;algebraic_function;Mathematical analysis;2;Mathematical analysis;2
Category Match;0.7777777777777778;power function;algebraic_function;Mathematical relations;2;Mathematical relations;1
Category Match;0.4444444444444444;power function;algebraic_function;Mathematical relations;2;Mathematical relations;2
Category Match;0.7777777777777778;imaginary number;algebraic_function;Mathematical objects;2;Mathematical objects;1
Category Match;0.4444444444444444;imaginary number;algebraic_function;Mathematical objects;2;Mathematical objects;2
Category Match;0.5555555555555556;imaginary number;algebraic_function;Complex analysis;1;Complex analysis;1
Category Match;0.5555555555555556;imaginary number;algebraic_function;Complex analysis;1;Complex analysis;1
Category Match;0.5555555555555556;imaginary number;algebraic_function;Complex analysis;1;Complex analysis;1
Category Match;0.4444444444444444;imaginary number;algebraic_function;Mathematical analysis;2;Mathematical analysis;2
Category Match;0.4444444444444444;imaginary number;algebraic_function;Mathematical analysis;2;Mathematical analysis;2
Category Match;0.7777777777777778;imaginary number;algebraic_function;Mathematical analysis;2;Mathematical analysis;1
Category Match;0.4444444444444444;imaginary number;algebraic_function;Mathematical analysis;2;Mathematical analysis;2
Category Match;0.4444444444444444;imaginary number;algebraic_function;Mathematical analysis;2;Mathematical analysis;2
Category Match;0.4444444444444444;imaginary number;algebraic_function;Mathematical analysis;2;Mathematical analysis;2
Category Match;0.4444444444444444;imaginary number;algebraic_function;Mathematical analysis;2;Mathematical analysis;2
Category Match;0.1111111111111111;elements of music;algebraic_function;Analysis;1;Analysis;2
Category Match;0.7777777777777778;elements of music;algebraic_function;Combinatorics;2;Combinatorics;1
Category Match;0.4444444444444444;elements of music;algebraic_function;Functions and mappings;2;Functions and mappings;2
Category Match;1.0;elements of music;algebraic_function;Functions and mappings;2;Functions and mappings;0
Category Match;0.4444444444444444;elements of music;algebraic_function;Functions and mappings;2;Functions and mappings;2
Category Match;0.4444444444444444;elements of music;algebraic_function;Functions and mappings;2;Functions and mappings;2
Category Match;0.7777777777777778;elements of music;algebraic_function;Functions and mappings;2;Functions and mappings;1
Category Match;0.3333333333333333;smoothness;algebraic_function;Smooth functions;0;Smooth functions;1
Category Match;0.5555555555555556;smoothness;algebraic_function;Real analysis;1;Real analysis;1
Category Match;0.1111111111111111;smoothness;algebraic_function;Real analysis;1;Real analysis;2
Category Match;0.4444444444444444;smoothness;algebraic_function;Mathematical analysis;2;Mathematical analysis;2
Category Match;0.4444444444444444;smoothness;algebraic_function;Mathematical analysis;2;Mathematical analysis;2
Category Match;0.7777777777777778;smoothness;algebraic_function;Mathematical analysis;2;Mathematical analysis;1
Category Match;0.4444444444444444;smoothness;algebraic_function;Mathematical analysis;2;Mathematical analysis;2
Category Match;0.4444444444444444;smoothness;algebraic_function;Mathematical analysis;2;Mathematical analysis;2
Category Match;0.4444444444444444;smoothness;algebraic_function;Mathematical analysis;2;Mathematical analysis;2
Category Match;0.4444444444444444;smoothness;algebraic_function;Mathematical analysis;2;Mathematical analysis;2
Category Match;0.1111111111111111;smoothness;algebraic_function;Differential geometry;1;Differential geometry;2
Category Match;0.1111111111111111;smoothness;algebraic_function;Differential geometry;1;Differential geometry;2
Category Match;0.4444444444444444;smoothness;algebraic_function;Mathematical analysis;2;Mathematical analysis;2
Category Match;0.4444444444444444;smoothness;algebraic_function;Mathematical analysis;2;Mathematical analysis;2
Category Match;0.7777777777777778;smoothness;algebraic_function;Mathematical analysis;2;Mathematical analysis;1
Category Match;0.4444444444444444;smoothness;algebraic_function;Mathematical analysis;2;Mathematical analysis;2
Category Match;0.4444444444444444;smoothness;algebraic_function;Mathematical analysis;2;Mathematical analysis;2
Category Match;0.4444444444444444;smoothness;algebraic_function;Mathematical analysis;2;Mathematical analysis;2
Category Match;0.4444444444444444;smoothness;algebraic_function;Mathematical analysis;2;Mathematical analysis;2
Category Match;0.5555555555555556;smoothness;algebraic_function;Types of functions;1;Types of functions;1
Category Match;0.1111111111111111;smoothness;algebraic_function;Types of functions;1;Types of functions;2
Category Match;0.5555555555555556;smoothness;algebraic_function;Types of functions;1;Types of functions;1
Category Match;0.5555555555555556;smoothness;algebraic_function;Types of functions;1;Types of functions;1
Category Match;0.8888888888888888;smoothness;algebraic_function;Types of functions;1;Types of functions;0
Category Match;0.4444444444444444;smoothness;algebraic_function;Functions and mappings;2;Functions and mappings;2
Category Match;1.0;smoothness;algebraic_function;Functions and mappings;2;Functions and mappings;0
Category Match;0.4444444444444444;smoothness;algebraic_function;Functions and mappings;2;Functions and mappings;2
Category Match;0.4444444444444444;smoothness;algebraic_function;Functions and mappings;2;Functions and mappings;2
Category Match;0.7777777777777778;smoothness;algebraic_function;Functions and mappings;2;Functions and mappings;1
Category Match;0.1111111111111111;smoothness;algebraic_function;Differential structures;1;Differential structures;2
Category Match;0.1111111111111111;smoothness;algebraic_function;Differential calculus;1;Differential calculus;2
Category Match;0.1111111111111111;calibration curve;algebraic_function;Analysis;1;Analysis;2
Category Match;0.1111111111111111;bathtub curve;algebraic_function;Differential geometry;1;Differential geometry;2
Category Match;0.1111111111111111;bathtub curve;algebraic_function;Differential geometry;1;Differential geometry;2
Category Match;0.4444444444444444;bathtub curve;algebraic_function;Mathematical analysis;2;Mathematical analysis;2
Category Match;0.4444444444444444;bathtub curve;algebraic_function;Mathematical analysis;2;Mathematical analysis;2
Category Match;0.7777777777777778;bathtub curve;algebraic_function;Mathematical analysis;2;Mathematical analysis;1
Category Match;0.4444444444444444;bathtub curve;algebraic_function;Mathematical analysis;2;Mathematical analysis;2
Category Match;0.4444444444444444;bathtub curve;algebraic_function;Mathematical analysis;2;Mathematical analysis;2
Category Match;0.4444444444444444;bathtub curve;algebraic_function;Mathematical analysis;2;Mathematical analysis;2
Category Match;0.4444444444444444;bathtub curve;algebraic_function;Mathematical analysis;2;Mathematical analysis;2
Category Match;0.1111111111111111;bathtub curve;algebraic_function;Manifolds;1;Manifolds;2
Category Match;0.4444444444444444;bathtub curve;algebraic_function;Differential geometry;2;Differential geometry;2
Category Match;0.4444444444444444;bathtub curve;algebraic_function;Differential geometry;2;Differential geometry;2
Category Match;0.7777777777777778;bathtub curve;algebraic_function;Mathematical objects;2;Mathematical objects;1
Category Match;0.4444444444444444;bathtub curve;algebraic_function;Mathematical objects;2;Mathematical objects;2
Category Match;0.7777777777777778;normal distribution;algebraic_function;Types of functions;2;Types of functions;1
Category Match;0.4444444444444444;normal distribution;algebraic_function;Types of functions;2;Types of functions;2
Category Match;0.7777777777777778;normal distribution;algebraic_function;Types of functions;2;Types of functions;1
Category Match;0.7777777777777778;normal distribution;algebraic_function;Types of functions;2;Types of functions;1
Category Match;1.0;normal distribution;algebraic_function;Types of functions;2;Types of functions;0
Category Match;0.1111111111111111;fish curve;algebraic_function;Differential geometry;1;Differential geometry;2
Category Match;0.1111111111111111;fish curve;algebraic_function;Differential geometry;1;Differential geometry;2
Category Match;0.4444444444444444;fish curve;algebraic_function;Mathematical analysis;2;Mathematical analysis;2
Category Match;0.4444444444444444;fish curve;algebraic_function;Mathematical analysis;2;Mathematical analysis;2
Category Match;0.7777777777777778;fish curve;algebraic_function;Mathematical analysis;2;Mathematical analysis;1
Category Match;0.4444444444444444;fish curve;algebraic_function;Mathematical analysis;2;Mathematical analysis;2
Category Match;0.4444444444444444;fish curve;algebraic_function;Mathematical analysis;2;Mathematical analysis;2
Category Match;0.4444444444444444;fish curve;algebraic_function;Mathematical analysis;2;Mathematical analysis;2
Category Match;0.4444444444444444;fish curve;algebraic_function;Mathematical analysis;2;Mathematical analysis;2
Category Match;0.1111111111111111;fish curve;algebraic_function;Manifolds;1;Manifolds;2
Category Match;0.4444444444444444;fish curve;algebraic_function;Differential geometry;2;Differential geometry;2
Category Match;0.4444444444444444;fish curve;algebraic_function;Differential geometry;2;Differential geometry;2
Category Match;0.7777777777777778;fish curve;algebraic_function;Mathematical objects;2;Mathematical objects;1
Category Match;0.4444444444444444;fish curve;algebraic_function;Mathematical objects;2;Mathematical objects;2
Category Match;0.1111111111111111;gompertz function;algebraic_function;Differential geometry;1;Differential geometry;2
Category Match;0.1111111111111111;gompertz function;algebraic_function;Differential geometry;1;Differential geometry;2
Category Match;0.4444444444444444;gompertz function;algebraic_function;Mathematical analysis;2;Mathematical analysis;2
Category Match;0.4444444444444444;gompertz function;algebraic_function;Mathematical analysis;2;Mathematical analysis;2
Category Match;0.7777777777777778;gompertz function;algebraic_function;Mathematical analysis;2;Mathematical analysis;1
Category Match;0.4444444444444444;gompertz function;algebraic_function;Mathematical analysis;2;Mathematical analysis;2
Category Match;0.4444444444444444;gompertz function;algebraic_function;Mathematical analysis;2;Mathematical analysis;2
Category Match;0.4444444444444444;gompertz function;algebraic_function;Mathematical analysis;2;Mathematical analysis;2
Category Match;0.4444444444444444;gompertz function;algebraic_function;Mathematical analysis;2;Mathematical analysis;2
Category Match;0.1111111111111111;gompertz function;algebraic_function;Manifolds;1;Manifolds;2
Category Match;0.4444444444444444;gompertz function;algebraic_function;Differential geometry;2;Differential geometry;2
Category Match;0.4444444444444444;gompertz function;algebraic_function;Differential geometry;2;Differential geometry;2
Category Match;0.7777777777777778;gompertz function;algebraic_function;Mathematical objects;2;Mathematical objects;1
Category Match;0.4444444444444444;gompertz function;algebraic_function;Mathematical objects;2;Mathematical objects;2
Category Match;0.4444444444444444;growth curve (statistics);algebraic_function;Differential calculus;2;Differential calculus;2
Category Match;1.0;growth curve (statistics);algebraic_function;Special functions;2;Special functions;0
Category Match;0.5555555555555556;hubbert curve;algebraic_function;Mathematical objects;1;Mathematical objects;1
Category Match;0.1111111111111111;hubbert curve;algebraic_function;Mathematical objects;1;Mathematical objects;2
Category Match;0.4444444444444444;hubbert curve;algebraic_function;Philosophy of mathematics;2;Philosophy of mathematics;2
Category Match;0.4444444444444444;hubbert curve;algebraic_function;Abstraction;2;Abstraction;2
Category Match;0.4444444444444444;hubbert curve;algebraic_function;Mathematical concepts;2;Mathematical concepts;2
Category Match;0.4444444444444444;hubbert curve;algebraic_function;Mathematical concepts;2;Mathematical concepts;2
Category Match;0.4444444444444444;hubbert curve;algebraic_function;Differential geometry;2;Differential geometry;2
Category Match;0.4444444444444444;hubbert curve;algebraic_function;Differential geometry;2;Differential geometry;2
Category Match;0.4444444444444444;hubbert curve;algebraic_function;Manifolds;2;Manifolds;2
Category Match;0.1111111111111111;learning curve;algebraic_function;Differential geometry;1;Differential geometry;2
Category Match;0.1111111111111111;learning curve;algebraic_function;Differential geometry;1;Differential geometry;2
Category Match;0.4444444444444444;learning curve;algebraic_function;Mathematical analysis;2;Mathematical analysis;2
Category Match;0.4444444444444444;learning curve;algebraic_function;Mathematical analysis;2;Mathematical analysis;2
Category Match;0.7777777777777778;learning curve;algebraic_function;Mathematical analysis;2;Mathematical analysis;1
Category Match;0.4444444444444444;learning curve;algebraic_function;Mathematical analysis;2;Mathematical analysis;2
Category Match;0.4444444444444444;learning curve;algebraic_function;Mathematical analysis;2;Mathematical analysis;2
Category Match;0.4444444444444444;learning curve;algebraic_function;Mathematical analysis;2;Mathematical analysis;2
Category Match;0.4444444444444444;learning curve;algebraic_function;Mathematical analysis;2;Mathematical analysis;2
Category Match;0.1111111111111111;learning curve;algebraic_function;Manifolds;1;Manifolds;2
Category Match;0.4444444444444444;learning curve;algebraic_function;Differential geometry;2;Differential geometry;2
Category Match;0.4444444444444444;learning curve;algebraic_function;Differential geometry;2;Differential geometry;2
Category Match;0.7777777777777778;learning curve;algebraic_function;Mathematical objects;2;Mathematical objects;1
Category Match;0.4444444444444444;learning curve;algebraic_function;Mathematical objects;2;Mathematical objects;2
Category Match;0.6666666666666666;logistic function;algebraic_function;Special functions;0;Special functions;0
Category Match;0.5555555555555556;logistic function;algebraic_function;Types of functions;1;Types of functions;1
Category Match;0.1111111111111111;logistic function;algebraic_function;Types of functions;1;Types of functions;2
Category Match;0.5555555555555556;logistic function;algebraic_function;Types of functions;1;Types of functions;1
Category Match;0.5555555555555556;logistic function;algebraic_function;Types of functions;1;Types of functions;1
Category Match;0.8888888888888888;logistic function;algebraic_function;Types of functions;1;Types of functions;0
Category Match;0.4444444444444444;logistic function;algebraic_function;Functions and mappings;2;Functions and mappings;2
Category Match;1.0;logistic function;algebraic_function;Functions and mappings;2;Functions and mappings;0
Category Match;0.4444444444444444;logistic function;algebraic_function;Functions and mappings;2;Functions and mappings;2
Category Match;0.4444444444444444;logistic function;algebraic_function;Functions and mappings;2;Functions and mappings;2
Category Match;0.7777777777777778;logistic function;algebraic_function;Functions and mappings;2;Functions and mappings;1
Category Match;0.5555555555555556;logistic function;algebraic_function;Complex analysis;1;Complex analysis;1
Category Match;0.5555555555555556;logistic function;algebraic_function;Complex analysis;1;Complex analysis;1
Category Match;0.5555555555555556;logistic function;algebraic_function;Complex analysis;1;Complex analysis;1
Category Match;0.4444444444444444;logistic function;algebraic_function;Mathematical analysis;2;Mathematical analysis;2
Category Match;0.4444444444444444;logistic function;algebraic_function;Mathematical analysis;2;Mathematical analysis;2
Category Match;0.7777777777777778;logistic function;algebraic_function;Mathematical analysis;2;Mathematical analysis;1
Category Match;0.4444444444444444;logistic function;algebraic_function;Mathematical analysis;2;Mathematical analysis;2
Category Match;0.4444444444444444;logistic function;algebraic_function;Mathematical analysis;2;Mathematical analysis;2
Category Match;0.4444444444444444;logistic function;algebraic_function;Mathematical analysis;2;Mathematical analysis;2
Category Match;0.4444444444444444;logistic function;algebraic_function;Mathematical analysis;2;Mathematical analysis;2
Category Match;0.5555555555555556;logistic function;algebraic_function;Combinatorics;1;Combinatorics;1
Category Match;0.4444444444444444;logistic function;algebraic_function;Fields of mathematics;2;Fields of mathematics;2
Category Match;0.4444444444444444;logistic function;algebraic_function;Fields of mathematics;2;Fields of mathematics;2
Category Match;0.4444444444444444;logistic function;algebraic_function;Discrete mathematics;2;Discrete mathematics;2
Category Match;0.5555555555555556;logistic function;algebraic_function;Lie groups;1;Lie groups;1
Category Match;0.4444444444444444;logistic function;algebraic_function;Topological groups;2;Topological groups;2
Category Match;0.4444444444444444;logistic function;algebraic_function;Manifolds;2;Manifolds;2
Category Match;0.4444444444444444;logistic function;algebraic_function;Differential geometry;2;Differential geometry;2
Category Match;0.4444444444444444;logistic function;algebraic_function;Differential geometry;2;Differential geometry;2
Category Match;0.4444444444444444;logistic function;algebraic_function;Group theory;2;Group theory;2
Category Match;0.4444444444444444;logistic function;algebraic_function;Algebraic structures;2;Algebraic structures;2
Category Match;0.7777777777777778;logistic function;algebraic_function;Mathematical objects;2;Mathematical objects;1
Category Match;0.4444444444444444;logistic function;algebraic_function;Mathematical objects;2;Mathematical objects;2
Category Match;0.1111111111111111;logistic function;algebraic_function;Differential calculus;1;Differential calculus;2
Category Match;0.1111111111111111;logistic function;algebraic_function;Differential geometry;1;Differential geometry;2
Category Match;0.1111111111111111;logistic function;algebraic_function;Differential geometry;1;Differential geometry;2
Category Match;0.4444444444444444;logistic function;algebraic_function;Mathematical analysis;2;Mathematical analysis;2
Category Match;0.4444444444444444;logistic function;algebraic_function;Mathematical analysis;2;Mathematical analysis;2
Category Match;0.7777777777777778;logistic function;algebraic_function;Mathematical analysis;2;Mathematical analysis;1
Category Match;0.4444444444444444;logistic function;algebraic_function;Mathematical analysis;2;Mathematical analysis;2
Category Match;0.4444444444444444;logistic function;algebraic_function;Mathematical analysis;2;Mathematical analysis;2
Category Match;0.4444444444444444;logistic function;algebraic_function;Mathematical analysis;2;Mathematical analysis;2
Category Match;0.4444444444444444;logistic function;algebraic_function;Mathematical analysis;2;Mathematical analysis;2
Category Match;0.1111111111111111;logistic function;algebraic_function;Manifolds;1;Manifolds;2
Category Match;0.4444444444444444;logistic function;algebraic_function;Differential geometry;2;Differential geometry;2
Category Match;0.4444444444444444;logistic function;algebraic_function;Differential geometry;2;Differential geometry;2
Category Match;0.7777777777777778;logistic function;algebraic_function;Mathematical objects;2;Mathematical objects;1
Category Match;0.4444444444444444;logistic function;algebraic_function;Mathematical objects;2;Mathematical objects;2
Category Match;0.2222222222222222;algebraic curve;algebraic_function;Algebraic curves;0;Algebraic curves;2
Category Match;0.4444444444444444;algebraic curve;algebraic_function;Differential geometry;2;Differential geometry;2
Category Match;0.4444444444444444;algebraic curve;algebraic_function;Differential geometry;2;Differential geometry;2
Category Match;0.4444444444444444;algebraic curve;algebraic_function;Manifolds;2;Manifolds;2
Category Match;0.4444444444444444;projective variety;algebraic_function;Fields of mathematics;2;Fields of mathematics;2
Category Match;0.4444444444444444;projective variety;algebraic_function;Fields of mathematics;2;Fields of mathematics;2
Category Match;0.4444444444444444;algebraic variety;algebraic_function;Fields of mathematics;2;Fields of mathematics;2
Category Match;0.4444444444444444;algebraic variety;algebraic_function;Fields of mathematics;2;Fields of mathematics;2
Category Match;0.8888888888888888;exponential function;algebraic_function;Special functions;1;Special functions;0
Category Match;0.7777777777777778;exponential function;algebraic_function;Types of functions;2;Types of functions;1
Category Match;0.4444444444444444;exponential function;algebraic_function;Types of functions;2;Types of functions;2
Category Match;0.7777777777777778;exponential function;algebraic_function;Types of functions;2;Types of functions;1
Category Match;0.7777777777777778;exponential function;algebraic_function;Types of functions;2;Types of functions;1
Category Match;1.0;exponential function;algebraic_function;Types of functions;2;Types of functions;0
Category Match;0.7777777777777778;exponential function;algebraic_function;Complex analysis;2;Complex analysis;1
Category Match;0.7777777777777778;exponential function;algebraic_function;Complex analysis;2;Complex analysis;1
Category Match;0.7777777777777778;exponential function;algebraic_function;Complex analysis;2;Complex analysis;1
Category Match;0.7777777777777778;exponential function;algebraic_function;Combinatorics;2;Combinatorics;1
Category Match;0.7777777777777778;exponential function;algebraic_function;Lie groups;2;Lie groups;1
Category Match;0.6666666666666666;exponential function;algebraic_function;Analytic functions;0;Analytic functions;0
Category Match;0.5555555555555556;exponential function;algebraic_function;Types of functions;1;Types of functions;1
Category Match;0.1111111111111111;exponential function;algebraic_function;Types of functions;1;Types of functions;2
Category Match;0.5555555555555556;exponential function;algebraic_function;Types of functions;1;Types of functions;1
Category Match;0.5555555555555556;exponential function;algebraic_function;Types of functions;1;Types of functions;1
Category Match;0.8888888888888888;exponential function;algebraic_function;Types of functions;1;Types of functions;0
Category Match;0.4444444444444444;exponential function;algebraic_function;Functions and mappings;2;Functions and mappings;2
Category Match;1.0;exponential function;algebraic_function;Functions and mappings;2;Functions and mappings;0
Category Match;0.4444444444444444;exponential function;algebraic_function;Functions and mappings;2;Functions and mappings;2
Category Match;0.4444444444444444;exponential function;algebraic_function;Functions and mappings;2;Functions and mappings;2
Category Match;0.7777777777777778;exponential function;algebraic_function;Functions and mappings;2;Functions and mappings;1
Category Match;0.5555555555555556;exponential function;algebraic_function;Real analysis;1;Real analysis;1
Category Match;0.1111111111111111;exponential function;algebraic_function;Real analysis;1;Real analysis;2
Category Match;0.4444444444444444;exponential function;algebraic_function;Mathematical analysis;2;Mathematical analysis;2
Category Match;0.4444444444444444;exponential function;algebraic_function;Mathematical analysis;2;Mathematical analysis;2
Category Match;0.7777777777777778;exponential function;algebraic_function;Mathematical analysis;2;Mathematical analysis;1
Category Match;0.4444444444444444;exponential function;algebraic_function;Mathematical analysis;2;Mathematical analysis;2
Category Match;0.4444444444444444;exponential function;algebraic_function;Mathematical analysis;2;Mathematical analysis;2
Category Match;0.4444444444444444;exponential function;algebraic_function;Mathematical analysis;2;Mathematical analysis;2
Category Match;0.4444444444444444;exponential function;algebraic_function;Mathematical analysis;2;Mathematical analysis;2
Category Match;0.5555555555555556;exponential function;algebraic_function;Complex analysis;1;Complex analysis;1
Category Match;0.5555555555555556;exponential function;algebraic_function;Complex analysis;1;Complex analysis;1
Category Match;0.5555555555555556;exponential function;algebraic_function;Complex analysis;1;Complex analysis;1
Category Match;0.4444444444444444;exponential function;algebraic_function;Mathematical analysis;2;Mathematical analysis;2
Category Match;0.4444444444444444;exponential function;algebraic_function;Mathematical analysis;2;Mathematical analysis;2
Category Match;0.7777777777777778;exponential function;algebraic_function;Mathematical analysis;2;Mathematical analysis;1
Category Match;0.4444444444444444;exponential function;algebraic_function;Mathematical analysis;2;Mathematical analysis;2
Category Match;0.4444444444444444;exponential function;algebraic_function;Mathematical analysis;2;Mathematical analysis;2
Category Match;0.4444444444444444;exponential function;algebraic_function;Mathematical analysis;2;Mathematical analysis;2
Category Match;0.4444444444444444;exponential function;algebraic_function;Mathematical analysis;2;Mathematical analysis;2
Category Match;0.5555555555555556;exponential function;algebraic_function;Smooth functions;1;Smooth functions;1
Category Match;0.7777777777777778;exponential function;algebraic_function;Real analysis;2;Real analysis;1
Category Match;0.4444444444444444;exponential function;algebraic_function;Real analysis;2;Real analysis;2
Category Match;0.4444444444444444;exponential function;algebraic_function;Differential geometry;2;Differential geometry;2
Category Match;0.4444444444444444;exponential function;algebraic_function;Differential geometry;2;Differential geometry;2
Category Match;0.7777777777777778;exponential function;algebraic_function;Types of functions;2;Types of functions;1
Category Match;0.4444444444444444;exponential function;algebraic_function;Types of functions;2;Types of functions;2
Category Match;0.7777777777777778;exponential function;algebraic_function;Types of functions;2;Types of functions;1
Category Match;0.7777777777777778;exponential function;algebraic_function;Types of functions;2;Types of functions;1
Category Match;1.0;exponential function;algebraic_function;Types of functions;2;Types of functions;0
Category Match;0.4444444444444444;exponential function;algebraic_function;Differential structures;2;Differential structures;2
Category Match;0.4444444444444444;exponential function;algebraic_function;Differential calculus;2;Differential calculus;2
Category Match;1.0;exponential function;algebraic_function;Special functions;2;Special functions;0
Category Match;0.8888888888888888;exponential function;algebraic_function;Special functions;1;Special functions;0
Category Match;0.7777777777777778;exponential function;algebraic_function;Types of functions;2;Types of functions;1
Category Match;0.4444444444444444;exponential function;algebraic_function;Types of functions;2;Types of functions;2
Category Match;0.7777777777777778;exponential function;algebraic_function;Types of functions;2;Types of functions;1
Category Match;0.7777777777777778;exponential function;algebraic_function;Types of functions;2;Types of functions;1
Category Match;1.0;exponential function;algebraic_function;Types of functions;2;Types of functions;0
Category Match;0.7777777777777778;exponential function;algebraic_function;Complex analysis;2;Complex analysis;1
Category Match;0.7777777777777778;exponential function;algebraic_function;Complex analysis;2;Complex analysis;1
Category Match;0.7777777777777778;exponential function;algebraic_function;Complex analysis;2;Complex analysis;1
Category Match;0.7777777777777778;exponential function;algebraic_function;Combinatorics;2;Combinatorics;1
Category Match;0.7777777777777778;exponential function;algebraic_function;Lie groups;2;Lie groups;1
Category Match;1.0;exponential function;algebraic_function;Special functions;2;Special functions;0
Category Match;0.7777777777777778;exponential function;algebraic_function;Lie groups;2;Lie groups;1
Category Match;0.7777777777777778;exponential function;algebraic_function;Types of functions;2;Types of functions;1
Category Match;0.4444444444444444;exponential function;algebraic_function;Types of functions;2;Types of functions;2
Category Match;0.7777777777777778;exponential function;algebraic_function;Types of functions;2;Types of functions;1
Category Match;0.7777777777777778;exponential function;algebraic_function;Types of functions;2;Types of functions;1
Category Match;1.0;exponential function;algebraic_function;Types of functions;2;Types of functions;0
Category Match;0.1111111111111111;monotonic function;algebraic_function;Mathematical analysis;1;Mathematical analysis;2
Category Match;0.1111111111111111;monotonic function;algebraic_function;Mathematical analysis;1;Mathematical analysis;2
Category Match;0.5555555555555556;monotonic function;algebraic_function;Mathematical analysis;1;Mathematical analysis;1
Category Match;0.1111111111111111;monotonic function;algebraic_function;Mathematical analysis;1;Mathematical analysis;2
Category Match;0.1111111111111111;monotonic function;algebraic_function;Mathematical analysis;1;Mathematical analysis;2
Category Match;0.1111111111111111;monotonic function;algebraic_function;Mathematical analysis;1;Mathematical analysis;2
Category Match;0.1111111111111111;monotonic function;algebraic_function;Mathematical analysis;1;Mathematical analysis;2
Category Match;0.4444444444444444;monotonic function;algebraic_function;Fields of mathematics;2;Fields of mathematics;2
Category Match;0.4444444444444444;monotonic function;algebraic_function;Fields of mathematics;2;Fields of mathematics;2
Category Match;0.4444444444444444;monotonic function;algebraic_function;Analysis;2;Analysis;2
Category Match;0.1111111111111111;monotonic function;algebraic_function;Functions and mappings;1;Functions and mappings;2
Category Match;0.8888888888888888;monotonic function;algebraic_function;Functions and mappings;1;Functions and mappings;0
Category Match;0.1111111111111111;monotonic function;algebraic_function;Functions and mappings;1;Functions and mappings;2
Category Match;0.1111111111111111;monotonic function;algebraic_function;Functions and mappings;1;Functions and mappings;2
Category Match;0.5555555555555556;monotonic function;algebraic_function;Functions and mappings;1;Functions and mappings;1
Category Match;0.7777777777777778;monotonic function;algebraic_function;Mathematical objects;2;Mathematical objects;1
Category Match;0.4444444444444444;monotonic function;algebraic_function;Mathematical objects;2;Mathematical objects;2
Category Match;0.4444444444444444;monotonic function;algebraic_function;Mathematical analysis;2;Mathematical analysis;2
Category Match;0.4444444444444444;monotonic function;algebraic_function;Mathematical analysis;2;Mathematical analysis;2
Category Match;0.7777777777777778;monotonic function;algebraic_function;Mathematical analysis;2;Mathematical analysis;1
Category Match;0.4444444444444444;monotonic function;algebraic_function;Mathematical analysis;2;Mathematical analysis;2
Category Match;0.4444444444444444;monotonic function;algebraic_function;Mathematical analysis;2;Mathematical analysis;2
Category Match;0.4444444444444444;monotonic function;algebraic_function;Mathematical analysis;2;Mathematical analysis;2
Category Match;0.4444444444444444;monotonic function;algebraic_function;Mathematical analysis;2;Mathematical analysis;2
Category Match;0.7777777777777778;monotonic function;algebraic_function;Mathematical relations;2;Mathematical relations;1
Category Match;0.4444444444444444;monotonic function;algebraic_function;Mathematical relations;2;Mathematical relations;2
Category Match;0.1111111111111111;monotonic function;algebraic_function;Fields of mathematics;1;Fields of mathematics;2
Category Match;0.1111111111111111;monotonic function;algebraic_function;Fields of mathematics;1;Fields of mathematics;2
Category Match;0.4444444444444444;monotonic function;algebraic_function;Abstraction;2;Abstraction;2
Category Match;0.3333333333333333;monotonic function;algebraic_function;Real analysis;0;Real analysis;1
Category Match;0.2222222222222222;monotonic function;algebraic_function;Real analysis;0;Real analysis;2
Category Match;0.1111111111111111;monotonic function;algebraic_function;Mathematical analysis;1;Mathematical analysis;2
Category Match;0.1111111111111111;monotonic function;algebraic_function;Mathematical analysis;1;Mathematical analysis;2
Category Match;0.5555555555555556;monotonic function;algebraic_function;Mathematical analysis;1;Mathematical analysis;1
Category Match;0.1111111111111111;monotonic function;algebraic_function;Mathematical analysis;1;Mathematical analysis;2
Category Match;0.1111111111111111;monotonic function;algebraic_function;Mathematical analysis;1;Mathematical analysis;2
Category Match;0.1111111111111111;monotonic function;algebraic_function;Mathematical analysis;1;Mathematical analysis;2
Category Match;0.1111111111111111;monotonic function;algebraic_function;Mathematical analysis;1;Mathematical analysis;2
Category Match;0.4444444444444444;monotonic function;algebraic_function;Fields of mathematics;2;Fields of mathematics;2
Category Match;0.4444444444444444;monotonic function;algebraic_function;Fields of mathematics;2;Fields of mathematics;2
Category Match;0.4444444444444444;monotonic function;algebraic_function;Analysis;2;Analysis;2
Category Match;0.3333333333333333;monotonic function;algebraic_function;Types of functions;0;Types of functions;1
Category Match;0.2222222222222222;monotonic function;algebraic_function;Types of functions;0;Types of functions;2
Category Match;0.3333333333333333;monotonic function;algebraic_function;Types of functions;0;Types of functions;1
Category Match;0.3333333333333333;monotonic function;algebraic_function;Types of functions;0;Types of functions;1
Category Match;0.6666666666666666;monotonic function;algebraic_function;Types of functions;0;Types of functions;0
Category Match;0.1111111111111111;monotonic function;algebraic_function;Functions and mappings;1;Functions and mappings;2
Category Match;0.8888888888888888;monotonic function;algebraic_function;Functions and mappings;1;Functions and mappings;0
Category Match;0.1111111111111111;monotonic function;algebraic_function;Functions and mappings;1;Functions and mappings;2
Category Match;0.1111111111111111;monotonic function;algebraic_function;Functions and mappings;1;Functions and mappings;2
Category Match;0.5555555555555556;monotonic function;algebraic_function;Functions and mappings;1;Functions and mappings;1
Category Match;0.7777777777777778;monotonic function;algebraic_function;Mathematical objects;2;Mathematical objects;1
Category Match;0.4444444444444444;monotonic function;algebraic_function;Mathematical objects;2;Mathematical objects;2
Category Match;0.4444444444444444;monotonic function;algebraic_function;Mathematical analysis;2;Mathematical analysis;2
Category Match;0.4444444444444444;monotonic function;algebraic_function;Mathematical analysis;2;Mathematical analysis;2
Category Match;0.7777777777777778;monotonic function;algebraic_function;Mathematical analysis;2;Mathematical analysis;1
Category Match;0.4444444444444444;monotonic function;algebraic_function;Mathematical analysis;2;Mathematical analysis;2
Category Match;0.4444444444444444;monotonic function;algebraic_function;Mathematical analysis;2;Mathematical analysis;2
Category Match;0.4444444444444444;monotonic function;algebraic_function;Mathematical analysis;2;Mathematical analysis;2
Category Match;0.4444444444444444;monotonic function;algebraic_function;Mathematical analysis;2;Mathematical analysis;2
Category Match;0.7777777777777778;monotonic function;algebraic_function;Mathematical relations;2;Mathematical relations;1
Category Match;0.4444444444444444;monotonic function;algebraic_function;Mathematical relations;2;Mathematical relations;2
Category Match;0.4444444444444444;two-dimensional space;algebraic_function;Fields of mathematics;2;Fields of mathematics;2
Category Match;0.4444444444444444;two-dimensional space;algebraic_function;Fields of mathematics;2;Fields of mathematics;2
Category Match;0.7777777777777778;natural number;algebraic_function;Mathematical objects;2;Mathematical objects;1
Category Match;0.4444444444444444;natural number;algebraic_function;Mathematical objects;2;Mathematical objects;2
Category Match;0.7777777777777778;natural number;algebraic_function;Mathematical objects;2;Mathematical objects;1
Category Match;0.4444444444444444;natural number;algebraic_function;Mathematical objects;2;Mathematical objects;2
Category Match;0.4444444444444444;natural number;algebraic_function;Philosophy of mathematics;2;Philosophy of mathematics;2
Category Match;0.1111111111111111;natural number;algebraic_function;Fields of mathematics;1;Fields of mathematics;2
Category Match;0.1111111111111111;natural number;algebraic_function;Fields of mathematics;1;Fields of mathematics;2
Category Match;0.4444444444444444;natural number;algebraic_function;Group theory;2;Group theory;2
Category Match;0.4444444444444444;natural number;algebraic_function;Fields of mathematics;2;Fields of mathematics;2
Category Match;0.4444444444444444;natural number;algebraic_function;Fields of mathematics;2;Fields of mathematics;2
Category Match;0.7777777777777778;natural number;algebraic_function;Mathematical objects;2;Mathematical objects;1
Category Match;0.4444444444444444;natural number;algebraic_function;Mathematical objects;2;Mathematical objects;2
Category Match;0.1111111111111111;natural number;algebraic_function;Discrete mathematics;1;Discrete mathematics;2
Category Match;0.4444444444444444;natural number;algebraic_function;Fields of mathematics;2;Fields of mathematics;2
Category Match;0.4444444444444444;natural number;algebraic_function;Fields of mathematics;2;Fields of mathematics;2
Category Match;0.1111111111111111;natural number;algebraic_function;Fields of mathematics;1;Fields of mathematics;2
Category Match;0.1111111111111111;natural number;algebraic_function;Fields of mathematics;1;Fields of mathematics;2
Category Match;0.5555555555555556;natural number;algebraic_function;Mathematical objects;1;Mathematical objects;1
Category Match;0.1111111111111111;natural number;algebraic_function;Mathematical objects;1;Mathematical objects;2
Category Match;0.4444444444444444;natural number;algebraic_function;Philosophy of mathematics;2;Philosophy of mathematics;2
Category Match;0.4444444444444444;natural number;algebraic_function;Abstraction;2;Abstraction;2
Category Match;0.4444444444444444;natural number;algebraic_function;Mathematical concepts;2;Mathematical concepts;2
Category Match;0.4444444444444444;natural number;algebraic_function;Mathematical concepts;2;Mathematical concepts;2
Category Match;0.7777777777777778;interval (mathematics);algebraic_function;Real analysis;2;Real analysis;1
Category Match;0.4444444444444444;interval (mathematics);algebraic_function;Real analysis;2;Real analysis;2
Category Match;0.1111111111111111;interval (mathematics);algebraic_function;Fields of mathematics;1;Fields of mathematics;2
Category Match;0.1111111111111111;interval (mathematics);algebraic_function;Fields of mathematics;1;Fields of mathematics;2
Category Match;0.4444444444444444;interval (mathematics);algebraic_function;Abstraction;2;Abstraction;2
Category Match;0.1111111111111111;interval (mathematics);algebraic_function;Fields of mathematics;1;Fields of mathematics;2
Category Match;0.1111111111111111;interval (mathematics);algebraic_function;Fields of mathematics;1;Fields of mathematics;2
Category Match;0.7777777777777778;interval (mathematics);algebraic_function;Mathematical objects;2;Mathematical objects;1
Category Match;0.4444444444444444;interval (mathematics);algebraic_function;Mathematical objects;2;Mathematical objects;2
Category Match;0.4444444444444444;interval (mathematics);algebraic_function;Mathematical concepts;2;Mathematical concepts;2
Category Match;0.4444444444444444;interval (mathematics);algebraic_function;Mathematical concepts;2;Mathematical concepts;2
Category Match;0.4444444444444444;interval (mathematics);algebraic_function;Fields of mathematics;2;Fields of mathematics;2
Category Match;0.4444444444444444;interval (mathematics);algebraic_function;Fields of mathematics;2;Fields of mathematics;2
Category Match;0.4444444444444444;cartesian coordinate system;algebraic_function;Abstraction;2;Abstraction;2
Category Match;0.1111111111111111;cartesian coordinate system;algebraic_function;Differential geometry;1;Differential geometry;2
Category Match;0.1111111111111111;cartesian coordinate system;algebraic_function;Differential geometry;1;Differential geometry;2
Category Match;0.4444444444444444;cartesian coordinate system;algebraic_function;Mathematical analysis;2;Mathematical analysis;2
Category Match;0.4444444444444444;cartesian coordinate system;algebraic_function;Mathematical analysis;2;Mathematical analysis;2
Category Match;0.7777777777777778;cartesian coordinate system;algebraic_function;Mathematical analysis;2;Mathematical analysis;1
Category Match;0.4444444444444444;cartesian coordinate system;algebraic_function;Mathematical analysis;2;Mathematical analysis;2
Category Match;0.4444444444444444;cartesian coordinate system;algebraic_function;Mathematical analysis;2;Mathematical analysis;2
Category Match;0.4444444444444444;cartesian coordinate system;algebraic_function;Mathematical analysis;2;Mathematical analysis;2
Category Match;0.4444444444444444;cartesian coordinate system;algebraic_function;Mathematical analysis;2;Mathematical analysis;2
Category Match;0.1111111111111111;cartesian coordinate system;algebraic_function;Fields of mathematics;1;Fields of mathematics;2
Category Match;0.1111111111111111;cartesian coordinate system;algebraic_function;Fields of mathematics;1;Fields of mathematics;2
Category Match;0.4444444444444444;cartesian coordinate system;algebraic_function;Fields of mathematics;2;Fields of mathematics;2
Category Match;0.4444444444444444;cartesian coordinate system;algebraic_function;Fields of mathematics;2;Fields of mathematics;2
Category Match;0.2222222222222222;mathematical singularity;algebraic_function;Mathematical analysis;0;Mathematical analysis;2
Category Match;0.2222222222222222;mathematical singularity;algebraic_function;Mathematical analysis;0;Mathematical analysis;2
Category Match;0.3333333333333333;mathematical singularity;algebraic_function;Mathematical analysis;0;Mathematical analysis;1
Category Match;0.2222222222222222;mathematical singularity;algebraic_function;Mathematical analysis;0;Mathematical analysis;2
Category Match;0.2222222222222222;mathematical singularity;algebraic_function;Mathematical analysis;0;Mathematical analysis;2
Category Match;0.2222222222222222;mathematical singularity;algebraic_function;Mathematical analysis;0;Mathematical analysis;2
Category Match;0.2222222222222222;mathematical singularity;algebraic_function;Mathematical analysis;0;Mathematical analysis;2
Category Match;0.1111111111111111;mathematical singularity;algebraic_function;Fields of mathematics;1;Fields of mathematics;2
Category Match;0.1111111111111111;mathematical singularity;algebraic_function;Fields of mathematics;1;Fields of mathematics;2
Category Match;0.1111111111111111;mathematical singularity;algebraic_function;Analysis;1;Analysis;2
Category Match;0.1111111111111111;curve;algebraic_function;Differential geometry;1;Differential geometry;2
Category Match;0.1111111111111111;curve;algebraic_function;Differential geometry;1;Differential geometry;2
Category Match;0.4444444444444444;curve;algebraic_function;Mathematical analysis;2;Mathematical analysis;2
Category Match;0.4444444444444444;curve;algebraic_function;Mathematical analysis;2;Mathematical analysis;2
Category Match;0.7777777777777778;curve;algebraic_function;Mathematical analysis;2;Mathematical analysis;1
Category Match;0.4444444444444444;curve;algebraic_function;Mathematical analysis;2;Mathematical analysis;2
Category Match;0.4444444444444444;curve;algebraic_function;Mathematical analysis;2;Mathematical analysis;2
Category Match;0.4444444444444444;curve;algebraic_function;Mathematical analysis;2;Mathematical analysis;2
Category Match;0.4444444444444444;curve;algebraic_function;Mathematical analysis;2;Mathematical analysis;2
Category Match;0.1111111111111111;curve;algebraic_function;Manifolds;1;Manifolds;2
Category Match;0.4444444444444444;curve;algebraic_function;Differential geometry;2;Differential geometry;2
Category Match;0.4444444444444444;curve;algebraic_function;Differential geometry;2;Differential geometry;2
Category Match;0.7777777777777778;curve;algebraic_function;Mathematical objects;2;Mathematical objects;1
Category Match;0.4444444444444444;curve;algebraic_function;Mathematical objects;2;Mathematical objects;2
Category Match;0.4444444444444444;curve;algebraic_function;Fields of mathematics;2;Fields of mathematics;2
Category Match;0.4444444444444444;curve;algebraic_function;Fields of mathematics;2;Fields of mathematics;2
Category Match;0.1111111111111111;curve;algebraic_function;Fields of mathematics;1;Fields of mathematics;2
Category Match;0.1111111111111111;curve;algebraic_function;Fields of mathematics;1;Fields of mathematics;2
Category Match;0.7777777777777778;curve;algebraic_function;Mathematical objects;2;Mathematical objects;1
Category Match;0.4444444444444444;curve;algebraic_function;Mathematical objects;2;Mathematical objects;2
Category Match;0.4444444444444444;curve;algebraic_function;Mathematical concepts;2;Mathematical concepts;2
Category Match;0.4444444444444444;curve;algebraic_function;Mathematical concepts;2;Mathematical concepts;2
Category Match;0.4444444444444444;curve;algebraic_function;Fields of mathematics;2;Fields of mathematics;2
Category Match;0.4444444444444444;curve;algebraic_function;Fields of mathematics;2;Fields of mathematics;2
Category Match;0.4444444444444444;curve;algebraic_function;Fields of mathematics;2;Fields of mathematics;2
Category Match;0.4444444444444444;curve;algebraic_function;Fields of mathematics;2;Fields of mathematics;2
